company_id,coverage
31f4f889-5c6a-4867-b12d-d70e0b1ede37,SaaS
025d9464-547d-4d96-a716-bb36bf0d1f55,Other Cloud: Hybrid/Private/On-prem virtualization
025d9464-547d-4d96-a716-bb36bf0d1f55,SaaS
3da23ea0-4997-4c21-88f6-8cee4d17e40a,SaaS
aadab715-a81f-4354-a700-a5689ffb2341,SaaS
2d6dc330-aa19-42be-a5c7-b0ae641b3d43,IaaS
2d6dc330-aa19-42be-a5c7-b0ae641b3d43,SaaS
2d6dc330-aa19-42be-a5c7-b0ae641b3d43,PaaS
15ada0e4-fd22-4523-96a9-548e33656ad5,
e02b4dfb-be6d-4dc0-b902-e6fb62b7d2e2,
42d63ff2-8889-425f-9b86-5b7109e48354,SaaS
42d63ff2-8889-425f-9b86-5b7109e48354,Other Cloud: Hybrid/Private/On-prem virtualization
42d63ff2-8889-425f-9b86-5b7109e48354,IaaS
42d63ff2-8889-425f-9b86-5b7109e48354,PaaS
a4d47add-bff3-4365-a269-6d86aef04bc2,Other Cloud: Hybrid/Private/On-prem virtualization
a4d47add-bff3-4365-a269-6d86aef04bc2,SaaS
a5b54099-1df5-4a7f-929a-cb9e2804874a,SaaS
a5b54099-1df5-4a7f-929a-cb9e2804874a,Other Cloud: Hybrid/Private/On-prem virtualization
8549a90a-895b-49e6-a568-9c8d4a2205c5,IaaS
8549a90a-895b-49e6-a568-9c8d4a2205c5,Other Cloud: Hybrid/Private/On-prem virtualization
8549a90a-895b-49e6-a568-9c8d4a2205c5,SaaS
075d4f36-601b-403b-9397-4f708a576184,Other Cloud: Hybrid/Private/On-prem virtualization
075d4f36-601b-403b-9397-4f708a576184,SaaS
f0ac4cd6-513f-47f2-b79a-f1b2ed21b23d,SaaS
f0ac4cd6-513f-47f2-b79a-f1b2ed21b23d,Other Cloud: Hybrid/Private/On-prem virtualization
03ef0e0a-644a-4161-9030-f38a840c2679,SaaS
03ef0e0a-644a-4161-9030-f38a840c2679,Other Cloud: Hybrid/Private/On-prem virtualization
733ef438-99f2-4253-8617-cc871c341079,SaaS
f762af7d-90bb-46b0-ae10-2b678f87a86f,SaaS
f762af7d-90bb-46b0-ae10-2b678f87a86f,Other Cloud: Hybrid/Private/On-prem virtualization
a260283e-cd39-436d-8e43-2cc733f9ea3c,
bc81549b-3fb6-443d-8446-cebccf7ada3b,
2b0e1774-d4d8-471d-8923-0bf553675440,Other Cloud: Hybrid/Private/On-prem virtualization
2b0e1774-d4d8-471d-8923-0bf553675440,SaaS
2b0e1774-d4d8-471d-8923-0bf553675440,IaaS
8918e718-42be-4b54-8d54-374c2a313b82,Other Cloud: Hybrid/Private/On-prem virtualization
8918e718-42be-4b54-8d54-374c2a313b82,SaaS
b414da6a-6756-4372-8cbb-81342e618d78,SaaS
1fb98e2e-2a90-4e16-a0fc-ac69f90a376f,
27b55936-82a6-49a1-b119-0368b3d00115,
bd29c2b1-06c5-460d-b24f-eb938a2e60fa,
2ae25501-eb9b-457e-bc98-731eeaaeefa6,
4cc02baa-e6cd-4e5b-8192-6eed1d8c374d,Other Cloud: Hybrid/Private/On-prem virtualization
ab14d80f-23c3-482a-9c89-9fd37feaf826,SaaS
21e61094-1ae9-4e6e-bdcf-5d49895abb75,PaaS
21e61094-1ae9-4e6e-bdcf-5d49895abb75,SaaS
21e61094-1ae9-4e6e-bdcf-5d49895abb75,Other Cloud: Hybrid/Private/On-prem virtualization
1c47359c-3f1b-49e5-8a1a-2cb87875678f,SaaS
2afbfe2c-331a-4881-bc2b-b5c9d325dbe7,
940ad9bd-e1f3-4fd6-b219-c97e535601e5,
e4de44c8-dcac-4604-886a-780595a559e0,
05787efb-5558-4560-8c37-a37d2612488b,Other Cloud: Hybrid/Private/On-prem virtualization
05787efb-5558-4560-8c37-a37d2612488b,SaaS
05787efb-5558-4560-8c37-a37d2612488b,PaaS
f3083c28-f852-4367-b794-aa2202f28a1d,SaaS
f95c7daa-ea58-423e-a968-80262fc86a5e,SaaS
eee6e621-ad35-47a1-9591-3e846a8d88dd,SaaS
19cfdc3e-7eb6-414b-a584-88a9ae697fad,
bc0cabe4-3e98-4b4c-a032-43c41ec015fb,SaaS
fc37a753-b77c-45f1-affd-1335439712be,
9fc5dbc1-1c16-476b-9399-b174a9b8ead2,
093380fd-c6f7-45b9-b86c-fd20c86b08e1,
b8bd0d27-0563-480f-9a75-7635209ff627,PaaS
b8bd0d27-0563-480f-9a75-7635209ff627,Other Cloud: Hybrid/Private/On-prem virtualization
b8bd0d27-0563-480f-9a75-7635209ff627,SaaS
2bdee4f4-c157-4aa8-a958-0c098fb83914,Other Cloud: Hybrid/Private/On-prem virtualization
2bdee4f4-c157-4aa8-a958-0c098fb83914,IaaS
2bdee4f4-c157-4aa8-a958-0c098fb83914,SaaS
2bdee4f4-c157-4aa8-a958-0c098fb83914,PaaS
7fe979db-c7c7-4491-ac3a-f8881eb8f6dd,IaaS
7fe979db-c7c7-4491-ac3a-f8881eb8f6dd,SaaS
c5054464-3e63-4a91-a958-5237de93dbd1,SaaS
71166c65-4395-4b88-b42e-4501c6d4b79d,PaaS
71166c65-4395-4b88-b42e-4501c6d4b79d,SaaS
9af683ab-c344-4303-87eb-ecc1620db3b9,SaaS
9af683ab-c344-4303-87eb-ecc1620db3b9,Other Cloud: Hybrid/Private/On-prem virtualization
08189b09-fae6-4857-a2f6-b62ed91c82bf,
9cccde2a-3569-457b-8946-856289c1b1d1,
e39457a6-c21c-4b8c-98c2-a619bfee80ce,SaaS
ed8bfde6-49b7-4d72-80e8-2d55078c4b5b,SaaS
ed8bfde6-49b7-4d72-80e8-2d55078c4b5b,Other Cloud: Hybrid/Private/On-prem virtualization
05037db5-a7b6-4ad3-91f1-1ebad80fc45c,SaaS
02082a6c-8771-4e39-b211-96c3e7f8e7aa,SaaS
d48939bc-947b-4461-b8fd-1b000ebf32c4,SaaS
e3fb5c1b-995f-4a07-af88-6622510590e8,Other Cloud: Hybrid/Private/On-prem virtualization
e3fb5c1b-995f-4a07-af88-6622510590e8,SaaS
c8648697-09ae-406a-a786-c1240beb70a1,SaaS
c8648697-09ae-406a-a786-c1240beb70a1,Other Cloud: Hybrid/Private/On-prem virtualization
a1f2e717-15cf-4781-9cc5-c19ca4ba4cf7,Other Cloud: Hybrid/Private/On-prem virtualization
a1f2e717-15cf-4781-9cc5-c19ca4ba4cf7,SaaS
2026824a-50fa-4fac-86ec-2a2347cbb48a,
1a33e958-d172-46ab-8fa1-257e676eb68e,
dff932db-7a83-4abb-a63e-1d3a5dfc313b,
8f330ffe-de75-4ef7-8bf3-7d33af176231,SaaS
13554e0e-f1ac-47c7-bcb2-61a26eb031f5,SaaS
1f83748b-5137-451a-aa17-bf2d55f05d00,SaaS
3035e3c3-a997-4413-941c-efffacf114a3,SaaS
63bed0c8-343a-42ba-bb60-c218c6ee8207,SaaS
f7bb15e8-79e1-4ace-9d0b-6de3e599395e,SaaS
4f18d368-4916-4955-8012-b4cfe1012684,SaaS
32f42f92-3609-400a-a435-1843a9af3df0,PaaS
32f42f92-3609-400a-a435-1843a9af3df0,Other Cloud: Hybrid/Private/On-prem virtualization
32f42f92-3609-400a-a435-1843a9af3df0,IaaS
32f42f92-3609-400a-a435-1843a9af3df0,SaaS
63584948-3fc0-4f34-ad0d-cf56ad043a48,SaaS
3612e46d-1573-4605-8bde-39f7e048d638,
64a51afd-4f28-46d6-aded-0e1ff9b8ecc0,
52adc6dc-b232-4b27-b01c-53c61763a40b,
e9731b48-de7f-42f4-91e2-f3fe834f7c3b,
50ccd430-169c-48ea-83ed-6c3490f3c490,SaaS
50ccd430-169c-48ea-83ed-6c3490f3c490,IaaS
50ccd430-169c-48ea-83ed-6c3490f3c490,Other Cloud: Hybrid/Private/On-prem virtualization
1491443f-34f8-4191-a7d7-f8db4c3932cf,
56d6a748-5d98-430e-a5a1-cd1bccf6dbc9,SaaS
56d6a748-5d98-430e-a5a1-cd1bccf6dbc9,Other Cloud: Hybrid/Private/On-prem virtualization
1b3a2b70-adb3-42d2-8d3c-79c6f1d2b4d6,SaaS
1b3a2b70-adb3-42d2-8d3c-79c6f1d2b4d6,IaaS
1b3a2b70-adb3-42d2-8d3c-79c6f1d2b4d6,Other Cloud: Hybrid/Private/On-prem virtualization
65a0b7ca-6584-4424-9589-6ef6394179a7,Other Cloud: Hybrid/Private/On-prem virtualization
dea5ec00-5f99-49ae-9713-927af604ea2f,SaaS
dea5ec00-5f99-49ae-9713-927af604ea2f,Other Cloud: Hybrid/Private/On-prem virtualization
ab4763b9-0d5b-4b67-8693-186e4b7a9008,
77ad6b8f-046b-47c2-8cfc-a93444a80685,
396f4f05-27f6-46a4-a084-29fb1e811385,
a1d8cb33-b200-4792-9a29-0430e2d59a04,
706d84ce-0441-43ab-b150-8d2a4ae0cda6,SaaS
706d84ce-0441-43ab-b150-8d2a4ae0cda6,Other Cloud: Hybrid/Private/On-prem virtualization
338ed983-8d73-4b08-8326-e2c13660f98e,SaaS
c95e9324-0be4-417f-aac9-9bcde022b21e,Other Cloud: Hybrid/Private/On-prem virtualization
c95e9324-0be4-417f-aac9-9bcde022b21e,SaaS
93d9da59-242e-4edc-b8d6-c1c7997e2e6f,SaaS
be1993af-b4bb-4724-a10c-c8cb3fb4321c,
9fc8c5ec-b4a7-4ff5-a912-60985fe9314c,SaaS
68456f96-44b4-47ca-87d9-7eceb65e9080,Other Cloud: Hybrid/Private/On-prem virtualization
38438059-3bba-473f-abb7-cebd57e62c9d,
4ab556b9-da1c-46de-8169-5433bdd03046,
867da02a-1966-44fa-90d8-413802175247,Other Cloud: Hybrid/Private/On-prem virtualization
3291b02d-c562-4e76-8c30-e80b5fcd65ec,SaaS
3291b02d-c562-4e76-8c30-e80b5fcd65ec,IaaS
3291b02d-c562-4e76-8c30-e80b5fcd65ec,Other Cloud: Hybrid/Private/On-prem virtualization
aa975978-8100-4922-aa51-7f5dc20da905,Other Cloud: Hybrid/Private/On-prem virtualization
04842973-c66c-4065-9582-215f344d4caa,SaaS
ba506c04-8f05-46a3-8050-3d53408077e8,Other Cloud: Hybrid/Private/On-prem virtualization
ba506c04-8f05-46a3-8050-3d53408077e8,PaaS
ba506c04-8f05-46a3-8050-3d53408077e8,SaaS
bd3333d2-987f-487a-9772-11397d3572ee,
a7c7b0e9-f7be-4942-8077-730e47f8b0dd,SaaS
a7c7b0e9-f7be-4942-8077-730e47f8b0dd,Other Cloud: Hybrid/Private/On-prem virtualization
efe98746-63ea-4c69-aa96-51eb77bdc468,SaaS
2c52f539-1bc6-4b9e-8eca-77bc380c5da1,SaaS
3ef5be3c-60b0-482e-a1da-a95d6fb09d36,PaaS
3ef5be3c-60b0-482e-a1da-a95d6fb09d36,IaaS
3ef5be3c-60b0-482e-a1da-a95d6fb09d36,Other Cloud: Hybrid/Private/On-prem virtualization
3ef5be3c-60b0-482e-a1da-a95d6fb09d36,SaaS
3635738d-4e4a-480c-9af4-fb378e13f1af,IaaS
3635738d-4e4a-480c-9af4-fb378e13f1af,SaaS
f788ec6a-6153-4c40-bb58-758c3568252c,Other Cloud: Hybrid/Private/On-prem virtualization
f788ec6a-6153-4c40-bb58-758c3568252c,IaaS
f788ec6a-6153-4c40-bb58-758c3568252c,PaaS
f788ec6a-6153-4c40-bb58-758c3568252c,SaaS
6ca9debe-c76c-4862-8fbb-fbaa494a6956,SaaS
74f385eb-d2f5-4407-8ca1-b3b2bbca8d66,Other Cloud: Hybrid/Private/On-prem virtualization
99020770-e710-4283-b14a-cd5251d1094a,Other Cloud: Hybrid/Private/On-prem virtualization
99020770-e710-4283-b14a-cd5251d1094a,SaaS
47de8d5c-de2a-45ae-bf28-df0374b5cf70,
87b11f2b-4917-4e9a-b5e6-dec9be889a79,SaaS
87b11f2b-4917-4e9a-b5e6-dec9be889a79,Other Cloud: Hybrid/Private/On-prem virtualization
55128630-cc3f-42d7-b37a-49d750610a26,SaaS
55128630-cc3f-42d7-b37a-49d750610a26,Other Cloud: Hybrid/Private/On-prem virtualization
fa303ad1-957c-4dcc-a331-8589634ba303,SaaS
fa303ad1-957c-4dcc-a331-8589634ba303,IaaS
42ab7d9d-52f8-4bc6-8c4b-858de7977ba1,
67e995a1-8cb5-42c6-98b1-5a5dbce81d10,SaaS
8052eb40-f0f9-40e5-b102-2b4f3c753b3c,
20af1612-3dda-4569-ac23-6081b415f189,SaaS
20af1612-3dda-4569-ac23-6081b415f189,Other Cloud: Hybrid/Private/On-prem virtualization
67e8c2e9-8d01-4ef7-a69c-826cb132be6b,SaaS
eda8a4e3-1b27-4314-bfd4-aceb28e9e351,
9fe7aee8-6248-47d2-8e34-80f874bda8a1,SaaS
78c070e8-3ce8-421a-8126-2eddb1f1bc5b,
2c355ec4-4f6b-40dc-8a0e-144390c3521d,
dc853e8f-a0b8-4bf5-bed1-a9cf281b76c5,
5443e6df-7c92-4d6d-bdab-30c87b4b7848,
3bb30f18-b00d-4190-bdb9-ea1095cba86c,SaaS
530239b2-a494-4ae9-a1b8-15eb4bc5433f,
6c7b22af-943a-4b2f-8ecd-4458352d2baf,
c5f92d19-d241-408b-a2fc-2958b5d32051,
edae4122-46a1-49b4-b1e8-743943359e73,
a774b649-fb03-4888-9d3a-6356478e17fc,
0a1fa90c-3754-4da4-9457-0904c79462a4,
95ede799-a2a8-4776-a693-1fe9cf813bac,Other Cloud: Hybrid/Private/On-prem virtualization
1479edd2-1b5e-4f8e-92b3-241da50cf6ff,Other Cloud: Hybrid/Private/On-prem virtualization
1479edd2-1b5e-4f8e-92b3-241da50cf6ff,SaaS
ed892805-237d-43b0-8807-afea658fdd7a,SaaS
ed892805-237d-43b0-8807-afea658fdd7a,Other Cloud: Hybrid/Private/On-prem virtualization
5afb3506-c07b-4326-a5e8-5b0def53ef53,Other Cloud: Hybrid/Private/On-prem virtualization
5afb3506-c07b-4326-a5e8-5b0def53ef53,SaaS
830ba127-911a-4674-a402-01b5edc9945c,
8cb0e285-59aa-4fa0-8b1d-51386fbe0e5a,Other Cloud: Hybrid/Private/On-prem virtualization
d67d03cd-7666-4fde-a1dd-325595bf908b,
5c620805-6b26-4431-9924-8455a45369d7,SaaS
32246119-daa1-472b-a7cc-a5093a38da3f,SaaS
1a87fafe-c17d-4298-94db-510ddf0d1900,Other Cloud: Hybrid/Private/On-prem virtualization
1a87fafe-c17d-4298-94db-510ddf0d1900,SaaS
eb55a3ad-a9ca-453e-a681-a860099907df,SaaS
eb55a3ad-a9ca-453e-a681-a860099907df,PaaS
eb55a3ad-a9ca-453e-a681-a860099907df,IaaS
14c3445a-ad5d-4832-a749-92fffb23a220,SaaS
9fcbe455-89ff-4f45-b46f-9a775496c381,
f4747f88-98f1-4513-ad56-39e3150d0a7b,Other Cloud: Hybrid/Private/On-prem virtualization
f4747f88-98f1-4513-ad56-39e3150d0a7b,IaaS
f4747f88-98f1-4513-ad56-39e3150d0a7b,SaaS
f4747f88-98f1-4513-ad56-39e3150d0a7b,PaaS
65dac09a-f7b1-4713-b5ac-de573c959f24,SaaS
65dac09a-f7b1-4713-b5ac-de573c959f24,Other Cloud: Hybrid/Private/On-prem virtualization
9780c760-eb5e-4fbd-b022-ef7d725033ee,
2c2d552c-d668-4353-9dbf-cfe8401f13fb,SaaS
6652b358-a397-42bf-95fa-37519be2130b,Other Cloud: Hybrid/Private/On-prem virtualization
6652b358-a397-42bf-95fa-37519be2130b,SaaS
4390932c-ce7b-4dc8-8001-4d1e3f96e109,SaaS
36f8b998-d076-4318-a9c0-77ba4da604fc,SaaS
db46b09b-1235-4d2b-8328-158ef91d6797,
3f29b791-0056-4fd2-ac6d-aebb9295ffa6,SaaS
76afb2e0-57ee-432b-b63f-47fea2de3e9e,Other Cloud: Hybrid/Private/On-prem virtualization
c609d811-405b-4fee-bcc3-34d06666ec20,SaaS
c609d811-405b-4fee-bcc3-34d06666ec20,Other Cloud: Hybrid/Private/On-prem virtualization
2409b847-90f1-497a-9925-bc1ee7be67a5,SaaS
29954dc9-f489-4f42-9b21-8c99b765cce1,Other Cloud: Hybrid/Private/On-prem virtualization
29954dc9-f489-4f42-9b21-8c99b765cce1,SaaS
ce01c7c2-a8f3-442b-9fae-25dcb7dff2bc,IaaS
ce01c7c2-a8f3-442b-9fae-25dcb7dff2bc,SaaS
ce01c7c2-a8f3-442b-9fae-25dcb7dff2bc,PaaS
ce01c7c2-a8f3-442b-9fae-25dcb7dff2bc,Other Cloud: Hybrid/Private/On-prem virtualization
a790b401-5453-4d96-ab3f-6a3dbe2b951c,SaaS
ccebdfa0-0637-454d-a0c6-2d3a22a9d06e,SaaS
48e71de7-8430-4757-80b8-b5dc97857483,Other Cloud: Hybrid/Private/On-prem virtualization
48e71de7-8430-4757-80b8-b5dc97857483,SaaS
a481a14c-760d-4f3d-ab70-bc1e4368d830,SaaS
ae62901d-1c8e-4bf3-859c-39a9df6d92ec,SaaS
ae62901d-1c8e-4bf3-859c-39a9df6d92ec,IaaS
ae62901d-1c8e-4bf3-859c-39a9df6d92ec,Other Cloud: Hybrid/Private/On-prem virtualization
d61a92bb-e720-4ab1-ae75-b3d2be3321fe,SaaS
d61a92bb-e720-4ab1-ae75-b3d2be3321fe,Other Cloud: Hybrid/Private/On-prem virtualization
1b5d986f-e30a-4996-bbaa-490ccc4022f6,Other Cloud: Hybrid/Private/On-prem virtualization
1b5d986f-e30a-4996-bbaa-490ccc4022f6,SaaS
a312bc72-da0a-4cf1-9a3f-0b41c270e543,SaaS
53fd1aca-2fc5-4fc3-adf1-c7cb60f235aa,Other Cloud: Hybrid/Private/On-prem virtualization
53fd1aca-2fc5-4fc3-adf1-c7cb60f235aa,SaaS
53fd1aca-2fc5-4fc3-adf1-c7cb60f235aa,IaaS
eac2de91-1c93-451e-9334-7ab43878c9a1,IaaS
eac2de91-1c93-451e-9334-7ab43878c9a1,PaaS
eac2de91-1c93-451e-9334-7ab43878c9a1,Other Cloud: Hybrid/Private/On-prem virtualization
eac2de91-1c93-451e-9334-7ab43878c9a1,SaaS
815c5bb8-800e-4886-8c19-8e65e04bb723,SaaS
815c5bb8-800e-4886-8c19-8e65e04bb723,IaaS
ca4b834e-0f64-4235-8430-cfb837519f49,SaaS
72bde1c5-402c-4e92-84b7-f76588efe268,
9bd405e0-8999-4908-852e-d17abf2838a2,SaaS
9bd405e0-8999-4908-852e-d17abf2838a2,IaaS
dec002c7-311b-451c-ba12-048ef25b644d,SaaS
dec002c7-311b-451c-ba12-048ef25b644d,PaaS
dec002c7-311b-451c-ba12-048ef25b644d,Other Cloud: Hybrid/Private/On-prem virtualization
13f319d5-9cc4-4d93-a27e-3973c3e18f59,SaaS
084133e2-7453-4e8c-a629-719adf916bc2,SaaS
b285ffa7-7be3-4834-ad25-1fc3f001cdb1,
264e77ba-1390-478d-b2a4-2cf4d12845fc,PaaS
264e77ba-1390-478d-b2a4-2cf4d12845fc,SaaS
264e77ba-1390-478d-b2a4-2cf4d12845fc,Other Cloud: Hybrid/Private/On-prem virtualization
264e77ba-1390-478d-b2a4-2cf4d12845fc,IaaS
d5abd2fe-b7ab-45f7-be8b-21ca27a1b90d,SaaS
4bbc5f04-9670-45e2-82c2-eeb3f06d2bc7,SaaS
4bbc5f04-9670-45e2-82c2-eeb3f06d2bc7,Other Cloud: Hybrid/Private/On-prem virtualization
c03f9542-6397-4f00-b205-4c799896d99e,SaaS
e9f0e7be-e7ca-4795-8196-112bda19205c,SaaS
ad5b8e48-820f-4043-b197-cb9ccda227e5,SaaS
ad5b8e48-820f-4043-b197-cb9ccda227e5,IaaS
ad5b8e48-820f-4043-b197-cb9ccda227e5,Other Cloud: Hybrid/Private/On-prem virtualization
01a40b69-4327-476f-acde-30c29e77731e,SaaS
01a40b69-4327-476f-acde-30c29e77731e,Other Cloud: Hybrid/Private/On-prem virtualization
9bbb0043-3f3d-4023-8be0-30ae5dfd44a1,Other Cloud: Hybrid/Private/On-prem virtualization
9bbb0043-3f3d-4023-8be0-30ae5dfd44a1,SaaS
ff093900-fa5e-47e8-9b72-36e495585eab,SaaS
c59f65b9-7a7e-43f7-9436-09cbaf4fc296,SaaS
7bb35b1b-c659-4682-a339-108bbc0948a7,
a71388dd-6c72-48f0-bd85-d3fb5daf18db,Other Cloud: Hybrid/Private/On-prem virtualization
a71388dd-6c72-48f0-bd85-d3fb5daf18db,SaaS
1d13673b-ef55-4a49-a3b9-27ae31bf6920,Other Cloud: Hybrid/Private/On-prem virtualization
c02f4d8a-4c0d-416d-878e-d73c00e45c1f,SaaS
f3bda80b-e8a9-4d79-9c63-99f218828d44,SaaS
f3bda80b-e8a9-4d79-9c63-99f218828d44,IaaS
68054353-8a07-4927-9c66-04664d4cf84e,SaaS
68054353-8a07-4927-9c66-04664d4cf84e,Other Cloud: Hybrid/Private/On-prem virtualization
590a513c-4fe1-44d1-a63a-93de3bce9b57,
4a4c2c81-07f9-48da-a342-ef4be4a07d35,
3dea0167-384c-4e34-88de-c237f9dc60f3,SaaS
c520bbc2-41e4-4e0f-bbd6-77744ea508fb,SaaS
c520bbc2-41e4-4e0f-bbd6-77744ea508fb,IaaS
c8ec148f-8e36-476e-a396-8ab20e018a4f,
fcec2f41-aab2-4f4e-9026-309faed5f51d,SaaS
fcec2f41-aab2-4f4e-9026-309faed5f51d,Other Cloud: Hybrid/Private/On-prem virtualization
f480d2f2-353c-43b7-8139-cf29de659410,
dfce11cf-9c37-4901-a2dc-696ac3aaa406,
c3edffb0-fd2f-4ebf-b456-0369c7c042f2,
ed02a810-6897-4630-9683-a46ebb93d500,Other Cloud: Hybrid/Private/On-prem virtualization
ed02a810-6897-4630-9683-a46ebb93d500,SaaS
5edd400a-3440-42d1-8fc1-08416766d357,SaaS
453005d6-c8c9-4dc6-bed6-dc46c2b79f09,
dc0ee828-326f-4f61-a1ca-9560d6b3c6ad,
83b30253-ae03-4474-bbfa-e45cd0185299,SaaS
83b30253-ae03-4474-bbfa-e45cd0185299,Other Cloud: Hybrid/Private/On-prem virtualization
48d6c9e1-3a08-4590-b795-78da431708a4,SaaS
39cb2258-694f-4610-83d0-591bea34b790,SaaS
39cb2258-694f-4610-83d0-591bea34b790,Other Cloud: Hybrid/Private/On-prem virtualization
39cb2258-694f-4610-83d0-591bea34b790,PaaS
acb28b80-de93-49cd-a571-bcacb950920c,IaaS
acb28b80-de93-49cd-a571-bcacb950920c,PaaS
acb28b80-de93-49cd-a571-bcacb950920c,SaaS
927f1f0a-26f2-44f3-b8de-21ae1c6e3690,
3545716c-096d-4766-b741-f40bfc7acc59,Other Cloud: Hybrid/Private/On-prem virtualization
3545716c-096d-4766-b741-f40bfc7acc59,SaaS
ffd8b12e-4091-40a1-a55f-e3ee4b5133d3,SaaS
ffd8b12e-4091-40a1-a55f-e3ee4b5133d3,Other Cloud: Hybrid/Private/On-prem virtualization
a2c37c13-e067-4323-94f0-8e66e876d333,SaaS
9ef5710f-f267-433e-b105-569dad9261b6,
f628646d-6904-4409-998c-175e5c228d75,
4c717362-3039-4c78-9a0b-de90d5d5478d,SaaS
4c717362-3039-4c78-9a0b-de90d5d5478d,PaaS
4c717362-3039-4c78-9a0b-de90d5d5478d,Other Cloud: Hybrid/Private/On-prem virtualization
4c717362-3039-4c78-9a0b-de90d5d5478d,IaaS
c58c6307-994d-44e4-9517-0ab761d0a424,SaaS
c58c6307-994d-44e4-9517-0ab761d0a424,Other Cloud: Hybrid/Private/On-prem virtualization
c58c6307-994d-44e4-9517-0ab761d0a424,IaaS
67318afb-2f33-45a1-9ce9-fc20c69fbe69,SaaS
67318afb-2f33-45a1-9ce9-fc20c69fbe69,PaaS
67318afb-2f33-45a1-9ce9-fc20c69fbe69,IaaS
93c40ef2-9897-4d45-a059-ee5f61e34961,Other Cloud: Hybrid/Private/On-prem virtualization
93c40ef2-9897-4d45-a059-ee5f61e34961,SaaS
93c40ef2-9897-4d45-a059-ee5f61e34961,PaaS
93c40ef2-9897-4d45-a059-ee5f61e34961,IaaS
8b0f2eb6-dcd8-44ae-90b9-7d55e0aee8cd,
4211d9d6-bee0-47fd-85a1-fbf9d78fa981,SaaS
4211d9d6-bee0-47fd-85a1-fbf9d78fa981,Other Cloud: Hybrid/Private/On-prem virtualization
57b785d8-2ab1-4586-a70d-def8ffe44458,
6a46b3be-8732-446a-b351-206c557e6f91,SaaS
6a46b3be-8732-446a-b351-206c557e6f91,Other Cloud: Hybrid/Private/On-prem virtualization
31e6a6b0-55e3-40c6-a1c8-74dd3950883d,
ef8cd001-0d61-445c-81b0-50b2765d2a8d,SaaS
941635b2-a372-4358-89b4-6700e75c8443,SaaS
79e133ae-bb7b-46c3-948d-34401427c971,SaaS
8287052b-477d-4999-a748-2f44222f3dff,IaaS
8287052b-477d-4999-a748-2f44222f3dff,SaaS
8287052b-477d-4999-a748-2f44222f3dff,Other Cloud: Hybrid/Private/On-prem virtualization
05e2a9dd-0204-4d54-a473-c2a309b1f1ff,SaaS
05e2a9dd-0204-4d54-a473-c2a309b1f1ff,Other Cloud: Hybrid/Private/On-prem virtualization
990522f4-438c-4b2c-98e0-56e197e52a8b,
fdf04d89-5a9c-49ee-b86b-97e4fb5de323,SaaS
4917a5a1-788b-4d4f-8546-645bd454c1d5,SaaS
4917a5a1-788b-4d4f-8546-645bd454c1d5,Other Cloud: Hybrid/Private/On-prem virtualization
7da6c961-4ee5-49c2-adb2-1e8f804680a8,
4d6f8735-5378-4bd4-aa4b-974fe30249de,Other Cloud: Hybrid/Private/On-prem virtualization
4d6f8735-5378-4bd4-aa4b-974fe30249de,SaaS
e0972492-c990-4509-af95-f592cff44691,
de21f189-5b37-42cc-8151-7d4c3838b49d,SaaS
de21f189-5b37-42cc-8151-7d4c3838b49d,PaaS
de21f189-5b37-42cc-8151-7d4c3838b49d,IaaS
fd7a49a1-3354-47b8-bfcf-428ce605b034,Other Cloud: Hybrid/Private/On-prem virtualization
fd7a49a1-3354-47b8-bfcf-428ce605b034,SaaS
0efb258e-b553-45b1-b609-e647d026b855,SaaS
0efb258e-b553-45b1-b609-e647d026b855,IaaS
0efb258e-b553-45b1-b609-e647d026b855,Other Cloud: Hybrid/Private/On-prem virtualization
3c7ee40d-5cae-407e-bc1d-5262cef197f9,
1f302ef9-36b1-4552-9316-c470f5a1b8c0,Other Cloud: Hybrid/Private/On-prem virtualization
1f302ef9-36b1-4552-9316-c470f5a1b8c0,SaaS
1f302ef9-36b1-4552-9316-c470f5a1b8c0,IaaS
1f302ef9-36b1-4552-9316-c470f5a1b8c0,PaaS
00e6f20e-0fbb-41fd-818d-7d0e4deaee14,Other Cloud: Hybrid/Private/On-prem virtualization
b488e50d-89d8-4f59-8495-2b23c845bcbd,SaaS
a272e0a2-fa9d-49cb-893f-dc764de1ca83,
d4b1a756-4819-4370-a628-4857e8fe3026,SaaS
d4b1a756-4819-4370-a628-4857e8fe3026,Other Cloud: Hybrid/Private/On-prem virtualization
8e947f1a-0312-4659-830b-0a4dc07af14c,SaaS
00be2d24-1266-4f3d-b898-6b7138ceb1fa,
8afe99cf-a6be-437e-a793-8516c1f97ef8,SaaS
b8d897bd-56dc-45ae-b950-64ae01e48590,SaaS
b8d897bd-56dc-45ae-b950-64ae01e48590,Other Cloud: Hybrid/Private/On-prem virtualization
5046122b-a6c1-48d1-8ae1-c2448ab1d40e,SaaS
76ee8466-e12b-40ea-aae2-7432d0ee9cb0,SaaS
6f8a3f29-e9da-4fcf-8fd3-8effae2c8858,
20f8b23a-29ff-460f-9b9f-70fd76aa84a6,SaaS
20f8b23a-29ff-460f-9b9f-70fd76aa84a6,Other Cloud: Hybrid/Private/On-prem virtualization
2879cfea-d1b1-4000-83e5-805e327ccc82,SaaS
2879cfea-d1b1-4000-83e5-805e327ccc82,IaaS
2879cfea-d1b1-4000-83e5-805e327ccc82,Other Cloud: Hybrid/Private/On-prem virtualization
78a63f0b-be52-4095-b7da-ef8588250f1f,Other Cloud: Hybrid/Private/On-prem virtualization
d4192b7e-93ca-42ef-bd57-960bc4bb12d7,SaaS
d4192b7e-93ca-42ef-bd57-960bc4bb12d7,Other Cloud: Hybrid/Private/On-prem virtualization
882af28e-8f24-441b-a9f4-71e27aa73003,SaaS
882af28e-8f24-441b-a9f4-71e27aa73003,Other Cloud: Hybrid/Private/On-prem virtualization
c4099915-f83a-4270-964c-eb07507a0bb1,
5174b36f-b6c4-491e-b820-a001e8307f8d,SaaS
30938f3d-912b-481b-9054-0c3584bf578c,
6a4648e7-1fb3-4a81-8730-91d791cce7f6,SaaS
b24211e9-5d73-400b-8360-4c5927720ae3,SaaS
797ea4fb-740e-4995-9b0e-0636188d62ff,
22d458b3-69bd-4511-9d06-e8a5f7492e4a,
9facb0dd-ed48-4972-84b2-be762fa27956,
8f8446cb-8873-4984-8814-3741fe241ad0,Other Cloud: Hybrid/Private/On-prem virtualization
8f8446cb-8873-4984-8814-3741fe241ad0,SaaS
0b7d91df-4b16-4ba3-8641-dd7776411c72,
0c924d86-93c7-4822-aa14-9ede8cbe446c,IaaS
0c924d86-93c7-4822-aa14-9ede8cbe446c,SaaS
0c924d86-93c7-4822-aa14-9ede8cbe446c,PaaS
0c924d86-93c7-4822-aa14-9ede8cbe446c,Other Cloud: Hybrid/Private/On-prem virtualization
b92d2b61-aa11-4287-81cd-af9a157063b2,SaaS
b92d2b61-aa11-4287-81cd-af9a157063b2,Other Cloud: Hybrid/Private/On-prem virtualization
b92d2b61-aa11-4287-81cd-af9a157063b2,IaaS
0472586e-2e3a-4837-8d7a-cd1117960cbb,IaaS
0472586e-2e3a-4837-8d7a-cd1117960cbb,SaaS
0472586e-2e3a-4837-8d7a-cd1117960cbb,Other Cloud: Hybrid/Private/On-prem virtualization
4cbacf79-e3cf-46fc-ac93-edac2e99066f,Other Cloud: Hybrid/Private/On-prem virtualization
4cbacf79-e3cf-46fc-ac93-edac2e99066f,PaaS
4cbacf79-e3cf-46fc-ac93-edac2e99066f,SaaS
633d1641-15b9-4e52-be79-93bfb6ca2a60,IaaS
1abe113d-2443-4b37-bf98-a5da0c833ca3,SaaS
a6755b80-7586-4dce-a407-8823355a226d,Other Cloud: Hybrid/Private/On-prem virtualization
a6755b80-7586-4dce-a407-8823355a226d,SaaS
ad8077bd-00d7-4be4-8dd7-ac492413769a,Other Cloud: Hybrid/Private/On-prem virtualization
ad8077bd-00d7-4be4-8dd7-ac492413769a,SaaS
76a32923-1907-4501-858a-068be117ca7e,SaaS
76a32923-1907-4501-858a-068be117ca7e,Other Cloud: Hybrid/Private/On-prem virtualization
05b67c17-6321-43a1-b51c-24300e5c4da0,SaaS
8b5958ed-5588-42cd-94ff-1b1342812402,Other Cloud: Hybrid/Private/On-prem virtualization
8b5958ed-5588-42cd-94ff-1b1342812402,IaaS
8b5958ed-5588-42cd-94ff-1b1342812402,SaaS
e8600c0c-b986-4207-aad3-d85b34e59f0a,SaaS
e346daf0-2abb-4d1c-b5dc-944388fc2943,Other Cloud: Hybrid/Private/On-prem virtualization
e346daf0-2abb-4d1c-b5dc-944388fc2943,IaaS
e346daf0-2abb-4d1c-b5dc-944388fc2943,SaaS
6f966d3f-6e6e-412d-bfba-1f00093193e2,Other Cloud: Hybrid/Private/On-prem virtualization
6f966d3f-6e6e-412d-bfba-1f00093193e2,SaaS
475c4235-6db9-498d-afd9-1596574c79f2,Other Cloud: Hybrid/Private/On-prem virtualization
475c4235-6db9-498d-afd9-1596574c79f2,SaaS
83c235b7-e3c9-4d63-b7fe-d5a78a9dbbb0,SaaS
92eec7a7-5e2f-4405-8290-b433e80358de,SaaS
92eec7a7-5e2f-4405-8290-b433e80358de,Other Cloud: Hybrid/Private/On-prem virtualization
6f3ce3ef-96b4-4fdc-a592-8d531ce7df1e,
e2ba4866-9b79-462e-a8e1-ae2d0186ccc8,SaaS
8f77cfcd-47ad-447e-88f8-7df38d1a5743,SaaS
189d3486-50ef-43a2-82d3-b6272fbb2945,SaaS
a7b07b0a-9e7f-4c90-8912-70eef9641ebd,
2586a11b-99e1-46fb-ad97-4229cf49db85,
7b600e70-4d08-454c-a7be-07071b48a64c,SaaS
7b600e70-4d08-454c-a7be-07071b48a64c,PaaS
7b600e70-4d08-454c-a7be-07071b48a64c,IaaS
7b600e70-4d08-454c-a7be-07071b48a64c,Other Cloud: Hybrid/Private/On-prem virtualization
dc4affae-55b9-4e8d-bff3-83fbb8a22bb9,
ccb7f013-d49c-4889-b395-b38ebaf57c10,Other Cloud: Hybrid/Private/On-prem virtualization
ae2f2ad0-2b67-4a79-af51-9ec81ce3ea5c,
c6ea7acd-7c1a-4feb-83f6-6a15c82b3326,SaaS
6f1edb05-6e78-4758-a21a-0337784928ad,SaaS
ad36b133-8fd5-4715-9396-4c65ff38ab71,PaaS
ad36b133-8fd5-4715-9396-4c65ff38ab71,Other Cloud: Hybrid/Private/On-prem virtualization
ad36b133-8fd5-4715-9396-4c65ff38ab71,SaaS
ad36b133-8fd5-4715-9396-4c65ff38ab71,IaaS
11dfbf01-5315-4487-bc13-2182759dd489,SaaS
11536bef-d5ae-4c6d-8ee2-8124795e1f6d,
82492e2d-751c-427d-8b0f-563fd0101c0e,SaaS
2186ed7e-d2e5-4875-a867-370813518589,Other Cloud: Hybrid/Private/On-prem virtualization
2186ed7e-d2e5-4875-a867-370813518589,SaaS
7e56e1d5-fa42-44c4-926a-ebad12abb830,SaaS
7e56e1d5-fa42-44c4-926a-ebad12abb830,IaaS
91cfd967-30e9-4ce5-aa9a-ab3ad17eb62e,
bac1057f-745a-4541-a775-4443f21cb956,
36e14cbc-fe45-49cf-897e-4c4e64b1a36a,
f0307acc-f8cb-459e-a4eb-f78648c94df2,SaaS
6df239b2-24fb-4986-8d68-2ed8fc8e791e,
405c7027-c37b-48c9-ab33-76b3eaffe5d4,SaaS
2a5453a1-11d2-441d-b366-d6ea3f92f50c,SaaS
807e3968-be29-4f1c-9454-0dd68a76fcdb,SaaS
807e3968-be29-4f1c-9454-0dd68a76fcdb,Other Cloud: Hybrid/Private/On-prem virtualization
a28906d0-c2b1-4b27-a708-0109d4a7e9cb,SaaS
a28906d0-c2b1-4b27-a708-0109d4a7e9cb,Other Cloud: Hybrid/Private/On-prem virtualization
0812038e-b0de-4097-b861-3bf029efd416,SaaS
7bf4dc50-4c39-4388-84e7-9a530e122ca1,SaaS
07e1a337-8f67-4fa7-b7ba-d9cfe6a10387,SaaS
07e1a337-8f67-4fa7-b7ba-d9cfe6a10387,Other Cloud: Hybrid/Private/On-prem virtualization
07e1a337-8f67-4fa7-b7ba-d9cfe6a10387,IaaS
cb53aa94-a47b-492a-98e3-d28cb5c68215,SaaS
cbd61e86-abb0-4ff5-a59c-30c9f82bf926,SaaS
cbd61e86-abb0-4ff5-a59c-30c9f82bf926,IaaS
cbd61e86-abb0-4ff5-a59c-30c9f82bf926,PaaS
a30c66d0-b497-4916-828c-6a458bb5ae64,
99b5fca7-28cf-481c-b78c-e02c5bd2dc59,Other Cloud: Hybrid/Private/On-prem virtualization
99b5fca7-28cf-481c-b78c-e02c5bd2dc59,SaaS
7e4b723d-f541-4df4-a0e5-6ec5b521ecbb,IaaS
7e4b723d-f541-4df4-a0e5-6ec5b521ecbb,Other Cloud: Hybrid/Private/On-prem virtualization
7e4b723d-f541-4df4-a0e5-6ec5b521ecbb,SaaS
178aef75-b744-44a7-9636-846034edd2d0,SaaS
178aef75-b744-44a7-9636-846034edd2d0,IaaS
178aef75-b744-44a7-9636-846034edd2d0,PaaS
df379980-20cf-4ff6-9ffe-285580e923d7,
c0a32c93-f140-4635-9970-c2ec203e6056,SaaS
e70426d7-8e7e-4611-8839-56a46a9402fc,
fc6582cf-141d-485d-8efd-2c5b69e5a71c,SaaS
c851f4e2-dfe8-4b9b-9e00-9a9ad9e1301f,
73c015eb-8500-464e-a497-4a7b2e786852,
f2944bcc-bd7f-4fc5-b2cf-f9414df32d71,SaaS
d200d020-b31d-489c-98bd-c2240889ac52,IaaS
0656b76d-2c3e-4d9f-9eeb-91185425e92e,
827c2863-2db6-43f6-90cb-3c11ac73ac16,
ca364b2b-63d3-4f1b-8d88-1ae7bab380a4,
b6071050-9984-474d-829a-c6e9031ea40d,
a484440d-0625-48e5-ba2f-6752c135bcdf,SaaS
ff411138-c0f0-442c-a5ff-bef46022826d,SaaS
ff411138-c0f0-442c-a5ff-bef46022826d,Other Cloud: Hybrid/Private/On-prem virtualization
a6b6c4c2-6b6c-42e0-9cf0-0d43cebeb319,
3e3b6211-5bdf-4fd3-8765-0798693d7361,
89aa59f7-c95d-4f46-b1f0-4870d108ec19,SaaS
89aa59f7-c95d-4f46-b1f0-4870d108ec19,PaaS
89aa59f7-c95d-4f46-b1f0-4870d108ec19,IaaS
1a44a4ee-2fd8-4ad5-b8d7-bf922312f18d,PaaS
1a44a4ee-2fd8-4ad5-b8d7-bf922312f18d,SaaS
1a44a4ee-2fd8-4ad5-b8d7-bf922312f18d,IaaS
1a44a4ee-2fd8-4ad5-b8d7-bf922312f18d,Other Cloud: Hybrid/Private/On-prem virtualization
52514750-8467-42b9-b4e7-45fba4e03aae,
90704e35-3689-4d48-a456-5b677d69ccb1,IaaS
90704e35-3689-4d48-a456-5b677d69ccb1,PaaS
90704e35-3689-4d48-a456-5b677d69ccb1,Other Cloud: Hybrid/Private/On-prem virtualization
90704e35-3689-4d48-a456-5b677d69ccb1,SaaS
7da88a81-02c3-43e8-bd3c-1419bffcdc2c,SaaS
7da88a81-02c3-43e8-bd3c-1419bffcdc2c,IaaS
7da88a81-02c3-43e8-bd3c-1419bffcdc2c,Other Cloud: Hybrid/Private/On-prem virtualization
c80efe2a-5e40-463f-af9b-90e6a13d6e1c,
99afc0fc-d83d-4212-a1ec-a7729c9dde61,SaaS
99afc0fc-d83d-4212-a1ec-a7729c9dde61,Other Cloud: Hybrid/Private/On-prem virtualization
87f6499b-f4b3-4eca-a529-c35595d2fd91,Other Cloud: Hybrid/Private/On-prem virtualization
87f6499b-f4b3-4eca-a529-c35595d2fd91,SaaS
cf7cfb0c-e346-4d68-be49-04665074116b,Other Cloud: Hybrid/Private/On-prem virtualization
cf7cfb0c-e346-4d68-be49-04665074116b,SaaS
a759d99f-1f05-4ed1-bc40-e40cc884641e,
c605de48-8a9e-42ff-8d39-e58268a02db9,IaaS
c605de48-8a9e-42ff-8d39-e58268a02db9,PaaS
c605de48-8a9e-42ff-8d39-e58268a02db9,SaaS
c605de48-8a9e-42ff-8d39-e58268a02db9,Other Cloud: Hybrid/Private/On-prem virtualization
535e4824-812b-4086-8600-e586a8a7718e,SaaS
cd8dd4d9-0da1-44d9-a88e-717f4ec8c8bb,Other Cloud: Hybrid/Private/On-prem virtualization
cd8dd4d9-0da1-44d9-a88e-717f4ec8c8bb,SaaS
3b2fbc33-4ec1-4bd8-b5db-76ab5d4d08f2,
c371a0f8-5432-450e-9dcf-9d1a33928e44,
f4327794-ea2b-4d0c-b5bf-56da3817d5af,
66c8c015-07f3-4b40-807d-267d45f3cef4,SaaS
c0b89cc8-e65c-4673-bc33-e779f1728d4e,
9e0d030b-d7f3-4162-965d-9a46ef63c786,
5bd69fb7-944d-4f75-9c62-5405464def5a,Other Cloud: Hybrid/Private/On-prem virtualization
5bd69fb7-944d-4f75-9c62-5405464def5a,SaaS
ebe99cd8-97bb-4686-8fcd-4b44a771b5ff,
d340fa84-ed68-4a4f-8982-96c30c46075c,
aae7eca1-78f0-41bd-81d2-8124e7cf0232,
e392840f-930f-4ab9-a6c5-469e9c66663f,SaaS
e392840f-930f-4ab9-a6c5-469e9c66663f,Other Cloud: Hybrid/Private/On-prem virtualization
0fafeaaa-ef48-4d99-8455-7ce3bdfbf929,
ae7f8ebf-7568-4bcf-83ae-fa81cd8b500c,IaaS
ae7f8ebf-7568-4bcf-83ae-fa81cd8b500c,Other Cloud: Hybrid/Private/On-prem virtualization
ae7f8ebf-7568-4bcf-83ae-fa81cd8b500c,SaaS
593273b6-70c7-4665-be16-2be15a7646a0,
9228fa3a-df9f-4e18-b3e0-e245e0d00678,SaaS
4e53dede-6793-4321-b953-8e49b27e78ac,
8c692124-77e2-46ec-a72c-5e6824119bb0,
0f056241-99bb-4ea6-bfbb-d074c3d30d4c,PaaS
0f056241-99bb-4ea6-bfbb-d074c3d30d4c,IaaS
0f056241-99bb-4ea6-bfbb-d074c3d30d4c,SaaS
8fd4e051-808b-4724-8771-56cd54ef9d45,
46a9bac8-6d76-4a7a-ad03-5d8e0d76c019,
dfddc8e2-53a2-416c-8820-0c3b7049dd18,PaaS
dfddc8e2-53a2-416c-8820-0c3b7049dd18,SaaS
dfddc8e2-53a2-416c-8820-0c3b7049dd18,Other Cloud: Hybrid/Private/On-prem virtualization
dfddc8e2-53a2-416c-8820-0c3b7049dd18,IaaS
eecfd82f-20bd-4c3b-94c9-91c4e66f26c3,SaaS
47f2f101-a1ae-4a26-b1d6-5103b7c56eb9,SaaS
47f2f101-a1ae-4a26-b1d6-5103b7c56eb9,Other Cloud: Hybrid/Private/On-prem virtualization
ad983643-25bb-4c4d-abc8-d2b3d7e7725a,SaaS
ad983643-25bb-4c4d-abc8-d2b3d7e7725a,IaaS
ac11d186-c540-41dd-8754-edc818527360,PaaS
ac11d186-c540-41dd-8754-edc818527360,Other Cloud: Hybrid/Private/On-prem virtualization
ac11d186-c540-41dd-8754-edc818527360,SaaS
ac11d186-c540-41dd-8754-edc818527360,IaaS
d9772d78-bd89-4986-9bf8-75e29dda80d9,
8245b284-5cc1-439b-8aca-def9e56001c7,
31f88f34-d1e6-4fe5-9bbb-579fc44f900f,
d8835ed3-a0d6-4314-98eb-d6bb954cdcbe,
87cc706d-4531-4143-935e-34c08acc74a2,
fce02d6f-275d-4965-a663-4de16ca12e2f,
6133bdd8-52fc-4a16-90e9-9d6a80666795,
f63b701f-0670-4aa0-adda-f0a10f9b10b4,
5bc8800c-1288-4d62-939a-1d27424bb03a,SaaS
71eceb3c-017e-4fcd-bd26-26a586b1b1f7,
924783dc-87f6-4be5-8b18-d784ff0582e3,SaaS
6a7f1f8e-d974-40e9-b5f1-ca8c01e6d562,IaaS
6a7f1f8e-d974-40e9-b5f1-ca8c01e6d562,SaaS
6a7f1f8e-d974-40e9-b5f1-ca8c01e6d562,Other Cloud: Hybrid/Private/On-prem virtualization
6a7f1f8e-d974-40e9-b5f1-ca8c01e6d562,PaaS
0bce757e-4d66-4d30-919e-8a6f215acd5a,
b83a2925-4827-41da-bca2-9e5778c56d61,IaaS
b83a2925-4827-41da-bca2-9e5778c56d61,SaaS
b83a2925-4827-41da-bca2-9e5778c56d61,Other Cloud: Hybrid/Private/On-prem virtualization
8c01e5e4-12ee-41fa-b307-3dd0d1df7683,PaaS
8c01e5e4-12ee-41fa-b307-3dd0d1df7683,SaaS
8c01e5e4-12ee-41fa-b307-3dd0d1df7683,IaaS
25a1d40b-387e-4c7b-bb4c-39e31e629fa6,Other Cloud: Hybrid/Private/On-prem virtualization
25a1d40b-387e-4c7b-bb4c-39e31e629fa6,SaaS
1743f519-4a00-49d3-94ec-7f7e0bfab950,
bd0bddfa-ef2c-4d38-b4de-a02f5b8907b9,
7c22e8da-0c18-4e64-a512-041ee37fc82a,Other Cloud: Hybrid/Private/On-prem virtualization
7c22e8da-0c18-4e64-a512-041ee37fc82a,SaaS
18c6f970-e740-4e41-a975-a21db201a601,Other Cloud: Hybrid/Private/On-prem virtualization
d0aac26f-826f-455c-9537-2c870bfc2f87,
e41330f5-ddeb-4527-90f1-1fb9f61bdb46,Other Cloud: Hybrid/Private/On-prem virtualization
6808e82e-d2dc-4895-808c-3bb65fe609b7,PaaS
6808e82e-d2dc-4895-808c-3bb65fe609b7,SaaS
6808e82e-d2dc-4895-808c-3bb65fe609b7,IaaS
296578f5-8177-4200-96c4-7d7a785f5fad,SaaS
5e110f44-6c31-4549-a8a9-fb51d70ff6ca,SaaS
1576793d-e99b-4895-9ea1-92cf2c62e51c,Other Cloud: Hybrid/Private/On-prem virtualization
06e049f7-aef1-4616-a47c-3bf733f15b63,Other Cloud: Hybrid/Private/On-prem virtualization
06e049f7-aef1-4616-a47c-3bf733f15b63,PaaS
06e049f7-aef1-4616-a47c-3bf733f15b63,SaaS
06e049f7-aef1-4616-a47c-3bf733f15b63,IaaS
8ac117b9-0c99-4f70-a6d6-a05645ddf90f,Other Cloud: Hybrid/Private/On-prem virtualization
12e5887e-20f2-47d1-baec-0d6260a75756,
fd828e60-635a-4741-aa30-b2f222ab476c,
bf0147dd-7caa-48e3-9a29-47f45057ff55,
6eda8c69-8e7e-4d3f-af25-12afd998ce3c,
16c2ef9d-e5a6-492e-b34b-4682c050ca26,
1869b8da-6b71-45cd-9574-733a20558352,Other Cloud: Hybrid/Private/On-prem virtualization
da848005-885e-40df-a675-e48d05ec654a,SaaS
da848005-885e-40df-a675-e48d05ec654a,IaaS
da848005-885e-40df-a675-e48d05ec654a,Other Cloud: Hybrid/Private/On-prem virtualization
c75c478b-f375-4e04-9ec9-95bcbcd79086,
634d556c-0494-4e43-ae66-4357b3032fd6,IaaS
634d556c-0494-4e43-ae66-4357b3032fd6,SaaS
35b9fcab-9d7d-4f41-ba0a-9a07dc868327,IaaS
35b9fcab-9d7d-4f41-ba0a-9a07dc868327,SaaS
99c32d58-8d11-4759-baea-8b1862e37ac2,
89a0d3c3-fa65-4d11-9379-11f4b477a999,
69af2fe5-759b-4a09-b826-e1762ab7479a,Other Cloud: Hybrid/Private/On-prem virtualization
18654ab8-56f2-4b66-9689-886855e99c4f,
b9d50ef8-f5c3-433d-9b1a-b56c1fce9f72,SaaS
0a4ec82b-7fa8-4990-8cd9-a3b0c14d7b94,
565d2224-d865-42bf-a489-2c6370abdd9a,SaaS
59206b03-4ccb-4f76-8333-bcde9bdb895a,SaaS
c64e5034-b6b8-44d1-a15d-8cf0ba7cfcae,SaaS
d4217cb0-4b26-43bc-bd5f-eff094d05352,SaaS
d4217cb0-4b26-43bc-bd5f-eff094d05352,PaaS
d4217cb0-4b26-43bc-bd5f-eff094d05352,IaaS
d4217cb0-4b26-43bc-bd5f-eff094d05352,Other Cloud: Hybrid/Private/On-prem virtualization
97a6f274-31a9-4f0d-b476-8bb6103214af,Other Cloud: Hybrid/Private/On-prem virtualization
97a6f274-31a9-4f0d-b476-8bb6103214af,IaaS
97a6f274-31a9-4f0d-b476-8bb6103214af,SaaS
a255c9a6-56d5-4138-8842-4636286faa49,
c191969e-5b09-4991-bd93-a63819b44a2f,
df6a94b6-4240-4c4d-ba71-8d417e0599ba,SaaS
4219ed7a-340e-47b3-a4f0-0048115adcce,
cdbcb9fa-b0dc-4d0d-8891-105cec404f16,Other Cloud: Hybrid/Private/On-prem virtualization
9331539b-d3b1-4435-a48c-bc4bff1c7bc6,SaaS
e8f0471c-3e7c-431d-8063-ad838ab151e4,SaaS
96dc120b-a381-4bfa-ae4a-2f849f234f4c,
af059538-08cb-446d-a542-84223c52cf7b,SaaS
269644a7-b695-4f7c-8c9c-9b2514c1a0b8,Other Cloud: Hybrid/Private/On-prem virtualization
269644a7-b695-4f7c-8c9c-9b2514c1a0b8,SaaS
8f1948c8-7ca4-40e1-8642-452bb158bdf3,SaaS
8f1948c8-7ca4-40e1-8642-452bb158bdf3,Other Cloud: Hybrid/Private/On-prem virtualization
8fccac92-c7f0-44d1-9028-cd99582db5c9,
16997c74-7e5a-484d-a7ae-993816239cfb,SaaS
8d90607f-74c9-4a9b-91af-ec2071d17566,IaaS
b54c65de-ff8f-4571-a23a-3dba58921aef,Other Cloud: Hybrid/Private/On-prem virtualization
b54c65de-ff8f-4571-a23a-3dba58921aef,SaaS
5cf076a9-db69-4399-9f53-e775cb97029a,Other Cloud: Hybrid/Private/On-prem virtualization
5cf076a9-db69-4399-9f53-e775cb97029a,SaaS
4951d0d9-8e85-413c-8788-4af5b5f1226e,SaaS
4e20450d-4c5d-4bd4-80d2-32c965386ff6,
a806f069-81bf-4a3a-a01e-ce946255c999,SaaS
396d9d5c-aec2-4320-893b-30707f32e138,SaaS
2654c2ae-fa31-4c95-b577-988536f2292c,Other Cloud: Hybrid/Private/On-prem virtualization
2654c2ae-fa31-4c95-b577-988536f2292c,SaaS
2f179655-fbdd-43b6-b8d8-e412c2ced8b1,Other Cloud: Hybrid/Private/On-prem virtualization
2f179655-fbdd-43b6-b8d8-e412c2ced8b1,SaaS
2f179655-fbdd-43b6-b8d8-e412c2ced8b1,IaaS
1ba19fef-669c-426f-89ab-4ce1e0e6e867,
5dd5c3ce-b357-4536-a906-1ed0e7b2bbb9,
d75ec7c4-7883-45fc-8174-58eca6e427a5,Other Cloud: Hybrid/Private/On-prem virtualization
d75ec7c4-7883-45fc-8174-58eca6e427a5,IaaS
d75ec7c4-7883-45fc-8174-58eca6e427a5,SaaS
76279cbf-f6f6-45be-8f69-4af3099798a8,Other Cloud: Hybrid/Private/On-prem virtualization
76279cbf-f6f6-45be-8f69-4af3099798a8,SaaS
c27bad59-4f30-4c74-b385-b7f284de0766,PaaS
c27bad59-4f30-4c74-b385-b7f284de0766,SaaS
c27bad59-4f30-4c74-b385-b7f284de0766,IaaS
c27bad59-4f30-4c74-b385-b7f284de0766,Other Cloud: Hybrid/Private/On-prem virtualization
c392c184-03e7-42ca-9b98-f1bfeb428cb1,SaaS
5a1a52c0-54e6-4255-b507-d910a2c35b5e,IaaS
c71b7c29-b1b1-428e-b4fd-839787bec622,
e35fe54a-9f6d-4c8c-ab4b-761ac87c3b68,SaaS
e35fe54a-9f6d-4c8c-ab4b-761ac87c3b68,Other Cloud: Hybrid/Private/On-prem virtualization
73711982-0caa-4544-af1a-a8ab6a91787d,SaaS
7c338b25-8702-41bb-a2df-68a87c51ff11,Other Cloud: Hybrid/Private/On-prem virtualization
b2f6bef9-75c4-47ae-9206-9666f54af509,
8f37f906-e6fc-4180-b4ab-c7a2731658c6,
0ecca615-9bab-4513-a34d-b8a3eb026fc3,Other Cloud: Hybrid/Private/On-prem virtualization
0ecca615-9bab-4513-a34d-b8a3eb026fc3,SaaS
bb76c4c0-7a87-4e54-a658-25bfb18dec6f,
26cf0d6c-41bc-4cb9-bcf5-59d14e558c48,SaaS
c6c2a814-3911-4864-9af8-2945022315b2,
59516e3f-2ddc-4486-9351-760e24b420da,
5a7a3555-12d5-409d-a460-e296cd511174,SaaS
d0c7737d-8701-476c-97f7-b0de29d8bc14,
a9e0ef8b-cd17-4ba7-a6cb-7768e371bb6b,Other Cloud: Hybrid/Private/On-prem virtualization
a9e0ef8b-cd17-4ba7-a6cb-7768e371bb6b,SaaS
a9e0ef8b-cd17-4ba7-a6cb-7768e371bb6b,IaaS
6f542b0c-d5e0-4a01-a47d-0ff98203a100,
ca036223-3068-4cd4-a839-d92e3a4bc472,Other Cloud: Hybrid/Private/On-prem virtualization
16b38072-608e-4ce6-93a1-82d5a995e120,SaaS
82447ced-4cdb-44ea-8016-fd2fd32beb12,SaaS
9cab8081-6bbc-42ba-85a0-d63d1fca10dc,
b96310b4-fcf4-4930-9578-405c8ba01f87,
177414df-000a-4f9f-a908-1720772c6d36,
978e5032-b759-4bb1-9482-a5481dbcacbf,
45b93fcf-14e8-433e-ad55-bc14e82a541a,
7b0833c4-e856-41cd-9ce0-66c5c9d468d9,Other Cloud: Hybrid/Private/On-prem virtualization
7b0833c4-e856-41cd-9ce0-66c5c9d468d9,SaaS
1a2aabcc-87ce-4eec-a167-97deeaf561f2,
b9380759-faf7-435a-a639-cd3197faa2cb,SaaS
b9380759-faf7-435a-a639-cd3197faa2cb,Other Cloud: Hybrid/Private/On-prem virtualization
d3a2b0e9-fdbe-4139-af6a-ab04e5adfc88,
7c053d5d-dc0a-415b-bbb5-e1a08b0cc155,Other Cloud: Hybrid/Private/On-prem virtualization
7c053d5d-dc0a-415b-bbb5-e1a08b0cc155,SaaS
7e9f38b7-bdf5-440f-afdd-0b3a089c808d,SaaS
324d4822-2908-45a7-85af-ca7a4504d02e,SaaS
324d4822-2908-45a7-85af-ca7a4504d02e,Other Cloud: Hybrid/Private/On-prem virtualization
4102eff8-523f-49ba-8f7a-458b8bff4e5a,
e4f127bf-8b1a-481b-b9b2-9467d36a8842,
2ab30b39-bf6f-4e58-98ee-a10794a84075,Other Cloud: Hybrid/Private/On-prem virtualization
2ab30b39-bf6f-4e58-98ee-a10794a84075,SaaS
f33ee4ef-de89-48db-bc47-98deea6c9ff0,
42cdbf68-ed83-4bbe-ba31-b012407a104b,SaaS
3dcd33e4-972b-435d-a362-6db2c4b9ef2c,SaaS
365308a8-127f-4014-83fa-7006db00c039,PaaS
365308a8-127f-4014-83fa-7006db00c039,Other Cloud: Hybrid/Private/On-prem virtualization
365308a8-127f-4014-83fa-7006db00c039,IaaS
365308a8-127f-4014-83fa-7006db00c039,SaaS
e34bb364-fd68-431e-be0c-ef52a3220db9,SaaS
9f10e119-9d37-4ee2-80b9-1ccc70bbdc4d,
d3039352-a4c3-4296-ad43-eb998e9600d5,
6ac173bb-2337-4f96-8e75-f9bf17ff2ac8,IaaS
6ac173bb-2337-4f96-8e75-f9bf17ff2ac8,SaaS
6ac173bb-2337-4f96-8e75-f9bf17ff2ac8,Other Cloud: Hybrid/Private/On-prem virtualization
976cae7e-dffd-4bce-b93e-f116091b6b99,
d1983b24-6f31-4cab-8a6e-8f2961655d77,
ac6a69e3-cf3a-4e3e-9078-d25047afd23f,
6c08c112-d9f6-4647-af52-5fe86fc93088,SaaS
6c08c112-d9f6-4647-af52-5fe86fc93088,Other Cloud: Hybrid/Private/On-prem virtualization
0238765e-c71d-45c9-8495-9c3a99f16603,PaaS
9298cb67-50b6-4ea4-8621-de17e9670443,SaaS
0b6b2074-f52a-4156-8d6a-65d0bb6a7284,
1e4804f8-5190-41c4-8058-a9524bb4020e,IaaS
1e4804f8-5190-41c4-8058-a9524bb4020e,PaaS
1e4804f8-5190-41c4-8058-a9524bb4020e,Other Cloud: Hybrid/Private/On-prem virtualization
1e4804f8-5190-41c4-8058-a9524bb4020e,SaaS
045069bb-bcaf-4fac-bb6f-7d1cd76b775f,SaaS
045069bb-bcaf-4fac-bb6f-7d1cd76b775f,Other Cloud: Hybrid/Private/On-prem virtualization
733f1c2a-8990-4d93-895c-9f1b23d6745b,SaaS
9a569698-8ea9-499c-9a6a-18f24783dbf6,SaaS
a9ef87c0-d706-4d52-908d-3c18e03a8eee,SaaS
bbf33c96-701d-4f56-ac30-054ee9e8d972,
7d05e165-f4c1-4e30-a7ef-b6e98a1f5a6e,IaaS
7d05e165-f4c1-4e30-a7ef-b6e98a1f5a6e,PaaS
7d05e165-f4c1-4e30-a7ef-b6e98a1f5a6e,SaaS
7d05e165-f4c1-4e30-a7ef-b6e98a1f5a6e,Other Cloud: Hybrid/Private/On-prem virtualization
d7625e1f-7ac9-4527-8430-a39207e88638,Other Cloud: Hybrid/Private/On-prem virtualization
d7625e1f-7ac9-4527-8430-a39207e88638,SaaS
f1df297d-eda1-4afc-9058-b7bbc78585e5,Other Cloud: Hybrid/Private/On-prem virtualization
320d3be9-0c27-4bfc-b4ba-7cedf3bac7b7,SaaS
15d8c418-0288-494d-9232-df4777cfad01,
3fbbedaa-08fc-436f-a227-dd765e6432eb,
1baf01be-9c36-4368-bbdd-e64d2d765f88,
5fd92e8f-96d8-497d-917a-201124bed69b,SaaS
8cf70861-e671-4a5e-a3a6-6a5771cf0a78,SaaS
6dbca92e-8b9e-47a8-87ee-cb93e3ba38c7,SaaS
c8af1bc2-a36f-4d39-ae64-0b2f0d57ab81,
608da8eb-b8e4-4784-bb40-396280742f68,
82009942-8768-460c-b001-5f3085a1d9e6,
44ea4d41-99ea-4dfb-89ac-c9e491649177,
c8604ddb-a0d7-4a42-a4ec-3b5c84aee259,Other Cloud: Hybrid/Private/On-prem virtualization
c8604ddb-a0d7-4a42-a4ec-3b5c84aee259,SaaS
b58adca1-9058-4d25-95d6-ba86d1b22567,
751c48c5-0332-4525-b3d9-45886a8b7b6f,
e1a72266-e6e6-4a2e-b114-5d5adafb0c15,PaaS
e1a72266-e6e6-4a2e-b114-5d5adafb0c15,IaaS
e1a72266-e6e6-4a2e-b114-5d5adafb0c15,Other Cloud: Hybrid/Private/On-prem virtualization
e1a72266-e6e6-4a2e-b114-5d5adafb0c15,SaaS
6a8a4db6-61c0-4b1a-b073-27eee93a004d,IaaS
6a8a4db6-61c0-4b1a-b073-27eee93a004d,PaaS
6a8a4db6-61c0-4b1a-b073-27eee93a004d,SaaS
6a8a4db6-61c0-4b1a-b073-27eee93a004d,Other Cloud: Hybrid/Private/On-prem virtualization
601f2bfc-7141-48e9-a99c-0d69c3fd861a,
6fa80462-4efe-494c-979a-2e3dd5af5505,SaaS
aeff9602-e29e-4a95-b240-5c12f12ef807,SaaS
3c475f8e-7eb0-4dc5-81da-9c669ca38756,
be9385be-2da5-4bcf-860d-4475ad3e805d,
cb45649a-fd3c-4164-b8c9-e3e4e316a7c5,SaaS
cb45649a-fd3c-4164-b8c9-e3e4e316a7c5,Other Cloud: Hybrid/Private/On-prem virtualization
6c91cbd6-7442-466c-8088-9cf48094f1ca,
0160568c-aa3c-49af-98ff-da122d2e56f3,
41c0346a-dcec-4204-88b5-d123986966fa,SaaS
437af96a-0667-4b8b-ab36-f17a91440653,SaaS
3589311c-7223-470f-954c-afd37f804028,
c5acec3b-656e-4ff3-b014-317d55e85cda,IaaS
c5acec3b-656e-4ff3-b014-317d55e85cda,Other Cloud: Hybrid/Private/On-prem virtualization
c5acec3b-656e-4ff3-b014-317d55e85cda,SaaS
b9902f56-f304-455f-a6d6-22cc9c9de8c9,SaaS
dd17e619-78c6-4012-b2c1-eff80e2ef998,SaaS
c90c2260-2797-4f26-9324-d743b710f8e5,
079e5066-34b0-4d62-bcf1-ebc513b5ff78,Other Cloud: Hybrid/Private/On-prem virtualization
079e5066-34b0-4d62-bcf1-ebc513b5ff78,IaaS
079e5066-34b0-4d62-bcf1-ebc513b5ff78,SaaS
53d680cf-b186-406d-aca6-e3c857ac64b5,SaaS
a59162aa-047d-4b8b-a0c1-6a2806879645,SaaS
a59162aa-047d-4b8b-a0c1-6a2806879645,Other Cloud: Hybrid/Private/On-prem virtualization
a70b8e0f-ba95-4175-b3a4-d54f352a2be2,Other Cloud: Hybrid/Private/On-prem virtualization
e91673fb-e8c2-451f-be82-c4c5bb08d7e6,SaaS
f48fa2cd-7c61-4080-88f5-d7ca11c0063c,SaaS
f48fa2cd-7c61-4080-88f5-d7ca11c0063c,IaaS
f48fa2cd-7c61-4080-88f5-d7ca11c0063c,Other Cloud: Hybrid/Private/On-prem virtualization
a474272a-1dcd-403f-ab7f-fd29ab8a2d53,
c1813537-2aa1-44dc-a8ec-3d2511eaf28e,
b7cde2ca-9d39-4e3d-af38-91c5dcfd4ed4,SaaS
e102ac4a-31b5-4cb4-9212-c46b5abfa6a5,
ca4fb591-7f68-4410-93e2-a59bfffb21cf,SaaS
0af7c199-6ced-4861-9606-fc67265a33f6,SaaS
0af7c199-6ced-4861-9606-fc67265a33f6,Other Cloud: Hybrid/Private/On-prem virtualization
5b74f169-db61-4ff2-b741-80f9305e269a,IaaS
5b74f169-db61-4ff2-b741-80f9305e269a,SaaS
bedab532-b937-45a3-8e5f-4d289198d2b8,SaaS
bedab532-b937-45a3-8e5f-4d289198d2b8,Other Cloud: Hybrid/Private/On-prem virtualization
ff1d8ea0-fdf2-4239-a0d0-7b1a8cf38f6b,
9741d870-f775-4144-9353-e26822fb5a57,SaaS
9741d870-f775-4144-9353-e26822fb5a57,Other Cloud: Hybrid/Private/On-prem virtualization
37311120-95ba-490e-8718-6fc395d8fa83,SaaS
37311120-95ba-490e-8718-6fc395d8fa83,Other Cloud: Hybrid/Private/On-prem virtualization
7a1fcc77-a696-4db0-9e31-831cbd6c0733,SaaS
7a1fcc77-a696-4db0-9e31-831cbd6c0733,Other Cloud: Hybrid/Private/On-prem virtualization
f8a2dd2a-cfca-4756-837a-6f1a41816327,Other Cloud: Hybrid/Private/On-prem virtualization
2f7dfecf-e65c-4291-8b02-1380d75d56d0,
a935d6ba-432c-4402-ba10-0a309119b00b,SaaS
a935d6ba-432c-4402-ba10-0a309119b00b,Other Cloud: Hybrid/Private/On-prem virtualization
5c1089ec-0409-42bf-974a-96385d753529,IaaS
7d938fd0-0491-4985-8b5b-43307b958343,
e34bb39c-2334-4e09-bea8-95c781363ed0,SaaS
ad4843b2-dde4-4e35-a70f-3344baba67f3,IaaS
ad4843b2-dde4-4e35-a70f-3344baba67f3,SaaS
ad4843b2-dde4-4e35-a70f-3344baba67f3,PaaS
230ca0a0-05c0-48b0-abfa-def02d4fdde4,
586d7157-163b-4086-917c-1ddafd8b527b,
ea2ad9bf-4d2b-4590-9957-ad1c2ed16cea,SaaS
b3577a39-8dfb-48a9-b49e-657abadfbb13,SaaS
7372af9e-594f-4fb7-924a-8b64188f219d,SaaS
7372af9e-594f-4fb7-924a-8b64188f219d,IaaS
babadc28-4527-40f6-9f13-3a429fb4e4be,SaaS
babadc28-4527-40f6-9f13-3a429fb4e4be,Other Cloud: Hybrid/Private/On-prem virtualization
36bf5d74-c936-4fc6-a180-a4854b9e1b14,SaaS
c7c64c84-fec1-4e19-b3ac-9296384dce72,IaaS
c7c64c84-fec1-4e19-b3ac-9296384dce72,PaaS
c7c64c84-fec1-4e19-b3ac-9296384dce72,SaaS
9764f7d5-4199-4d55-bee8-f04117914825,Other Cloud: Hybrid/Private/On-prem virtualization
9764f7d5-4199-4d55-bee8-f04117914825,SaaS
73542d90-52c4-4c5a-88ca-786c4df03376,
6e0642b8-24bd-455b-a1c2-1dfa0e97c421,PaaS
6e0642b8-24bd-455b-a1c2-1dfa0e97c421,Other Cloud: Hybrid/Private/On-prem virtualization
6e0642b8-24bd-455b-a1c2-1dfa0e97c421,SaaS
20ea7301-6ac9-4a66-84cb-89868ad50590,SaaS
6054dccb-6141-4b71-82e1-2e650f2fb648,
6880c444-0e36-4283-8f3a-b8b8c45f7c2a,SaaS
6880c444-0e36-4283-8f3a-b8b8c45f7c2a,Other Cloud: Hybrid/Private/On-prem virtualization
8b63669d-fc30-4a60-a579-b406281365ea,Other Cloud: Hybrid/Private/On-prem virtualization
8b63669d-fc30-4a60-a579-b406281365ea,SaaS
8b63669d-fc30-4a60-a579-b406281365ea,IaaS
8b63669d-fc30-4a60-a579-b406281365ea,PaaS
d633de7d-5ee0-49b9-b6cf-2db2a3857a95,
0da8bd9c-9e85-4555-892a-ede61b8fdb11,Other Cloud: Hybrid/Private/On-prem virtualization
0da8bd9c-9e85-4555-892a-ede61b8fdb11,SaaS
a689af3e-effa-4893-bdfa-a6cc48436aef,Other Cloud: Hybrid/Private/On-prem virtualization
bf1400f6-ffcc-4d49-a133-a2c0c95a68fe,PaaS
bf1400f6-ffcc-4d49-a133-a2c0c95a68fe,Other Cloud: Hybrid/Private/On-prem virtualization
bf1400f6-ffcc-4d49-a133-a2c0c95a68fe,SaaS
bf1400f6-ffcc-4d49-a133-a2c0c95a68fe,IaaS
ed8f5d28-df99-4455-9659-3dc3c633bfde,
06eb5e71-2167-4fd2-8c68-7567ddc74d57,
fc227572-a88d-460f-8d10-70c364c78bc6,
2ff5ad4f-c219-425e-bbbf-120a9c86037f,SaaS
2ff5ad4f-c219-425e-bbbf-120a9c86037f,Other Cloud: Hybrid/Private/On-prem virtualization
5d614bf8-66e8-4f64-bcb5-05dfbd579280,IaaS
5d614bf8-66e8-4f64-bcb5-05dfbd579280,Other Cloud: Hybrid/Private/On-prem virtualization
5d614bf8-66e8-4f64-bcb5-05dfbd579280,PaaS
5d614bf8-66e8-4f64-bcb5-05dfbd579280,SaaS
76bc6c4a-c527-44b3-aadb-d5ea1f1a0ef1,SaaS
76bc6c4a-c527-44b3-aadb-d5ea1f1a0ef1,Other Cloud: Hybrid/Private/On-prem virtualization
197c06e0-96f3-4d5e-8c33-b7a3b6de3551,SaaS
9f119126-9f0c-46b3-a3ae-d85ee1cb2d9c,
08cb0005-fc3c-4a75-bca1-b908d4a46346,SaaS
08cb0005-fc3c-4a75-bca1-b908d4a46346,Other Cloud: Hybrid/Private/On-prem virtualization
72ba7622-77aa-420e-8583-46d4b48d8194,
2fd15e18-1b2b-4650-a5d8-89bc10be9d50,SaaS
826b0d81-0074-4731-86ae-b749c5a42534,
146111bc-006e-415a-ac7c-1507c0f5befc,
49a99cc1-b365-48ce-ba25-c4faf63e6167,SaaS
f978cd4d-3311-4768-8f2c-ad0fe9efa52d,IaaS
f978cd4d-3311-4768-8f2c-ad0fe9efa52d,SaaS
