Company ID,Partner Classification
115082217,Regional System Integrator (RSI)
115082217,Cloud Service Provider (CSP)
12452939,Regional System Integrator (RSI)
12452939,Cloud Service Provider (CSP)
12844974,Cloud Service Provider (CSP)
12844974,Regional System Integrator (RSI)
12844974,Independent Software Vendor (ISV)
13108721,Independent Software Vendor (ISV)
13108721,Regional System Integrator (RSI)
13108721,Cloud Service Provider (CSP)
115082393,Managed Service Provider (MSP)
115082393,Cloud Service Provider (CSP)
118620722,Distributor
118620722,Independent Software Vendor (ISV)
107348955,Cloud Service Provider (CSP)
111543294,Regional System Integrator (RSI)
111543294,Cloud Service Provider (CSP)
111543294,Value Added Reseller (VAR)
111543294,Direct Market Reseller (DMR)
13111713,Regional System Integrator (RSI)
13111713,Cloud Service Provider (CSP)
111804832,Cloud Service Provider (CSP)
111804832,Regional System Integrator (RSI)
12821197,Cloud Service Provider (CSP)
12821197,Value Added Reseller (VAR)
15205535,Cloud Service Provider (CSP)
15205535,Independent Software Vendor (ISV)
12713807,Managed Service Provider (MSP)
12713807,Regional System Integrator (RSI)
12713807,Cloud Service Provider (CSP)
111804365,Regional System Integrator (RSI)
111804365,Cloud Service Provider (CSP)
111804365,Direct Market Reseller (DMR)
13107305,Cloud Service Provider (CSP)
13107305,Independent Software Vendor (ISV)
13107305,Regional System Integrator (RSI)
92274794,Cloud Service Provider (CSP)
92274794,Regional System Integrator (RSI)
118621214,Regional System Integrator (RSI)
12710659,Regional System Integrator (RSI)
111673189,Cloud Service Provider (CSP)
111673189,Regional System Integrator (RSI)
12583311,Cloud Service Provider (CSP)
12583311,Regional System Integrator (RSI)
118621275,Cloud Service Provider (CSP)
118621275,Independent Software Vendor (ISV)
118621197,Distributor
118621197,Regional System Integrator (RSI)
13116955,Regional System Integrator (RSI)
13369824,Regional System Integrator (RSI)
12713798,Independent Software Vendor (ISV)
12713798,Regional System Integrator (RSI)
12715502,Cloud Service Provider (CSP)
118621112,Cloud Service Provider (CSP)
12844862,Regional System Integrator (RSI)
12844862,Cloud Service Provider (CSP)
12844862,Independent Software Vendor (ISV)
13107301,Cloud Service Provider (CSP)
13107301,Regional System Integrator (RSI)
92013759,Regional System Integrator (RSI)
111542873,-
13107538,Independent Software Vendor (ISV)
12714745,Regional System Integrator (RSI)
12714745,Cloud Service Provider (CSP)
12714745,Independent Software Vendor (ISV)
12452992,Managed Service Provider (MSP)
12452992,Cloud Service Provider (CSP)
118621252,Regional System Integrator (RSI)
118621252,Cloud Service Provider (CSP)
92144607,Regional System Integrator (RSI)
92144607,Cloud Service Provider (CSP)
111582597,Cloud Service Provider (CSP)
111582597,Independent Software Vendor (ISV)
114951222,Regional System Integrator (RSI)
114951222,Cloud Service Provider (CSP)
92274816,Regional System Integrator (RSI)
118621093,-
118621349,-
92274980,Regional System Integrator (RSI)
92274980,Cloud Service Provider (CSP)
115082437,Managed Service Provider (MSP)
115082437,Cloud Service Provider (CSP)
115082437,Regional System Integrator (RSI)
13045436,Managed Service Provider (MSP)
13045436,Cloud Service Provider (CSP)
13045436,Regional System Integrator (RSI)
115082687,Regional System Integrator (RSI)
115082687,Cloud Service Provider (CSP)
12583803,Regional System Integrator (RSI)
12583803,Cloud Service Provider (CSP)
12839683,Regional System Integrator (RSI)
12839683,Cloud Service Provider (CSP)
118621068,-
118621114,Independent Software Vendor (ISV)
118621114,Managed Service Provider (MSP)
12714429,Independent Software Vendor (ISV)
12714429,Regional System Integrator (RSI)
12714429,Cloud Service Provider (CSP)
12714429,Managed Service Provider (MSP)
111804993,Cloud Service Provider (CSP)
115082448,Managed Service Provider (MSP)
115082448,Regional System Integrator (RSI)
115082448,Cloud Service Provider (CSP)
15204595,Regional System Integrator (RSI)
15204595,Cloud Service Provider (CSP)
118621051,Cloud Service Provider (CSP)
118621051,Regional System Integrator (RSI)
13642337,Regional System Integrator (RSI)
13642337,Cloud Service Provider (CSP)
12594604,Value Added Reseller (VAR)
12594604,Managed Service Provider (MSP)
12594604,Regional System Integrator (RSI)
12594604,Cloud Service Provider (CSP)
92013266,Cloud Service Provider (CSP)
92013266,Regional System Integrator (RSI)
92013266,Independent Software Vendor (ISV)
118621174,-
111805865,Regional System Integrator (RSI)
12845154,Regional System Integrator (RSI)
12845154,Independent Software Vendor (ISV)
115082359,Cloud Service Provider (CSP)
115082359,Managed Service Provider (MSP)
115082359,Regional System Integrator (RSI)
111936582,Direct Market Reseller (DMR)
111936582,Cloud Service Provider (CSP)
118621618,Independent Software Vendor (ISV)
118621618,Cloud Service Provider (CSP)
111805005,Cloud Service Provider (CSP)
111805005,Regional System Integrator (RSI)
118621186,Independent Software Vendor (ISV)
118621186,Regional System Integrator (RSI)
118621186,Cloud Service Provider (CSP)
118621173,Cloud Service Provider (CSP)
13296625,Regional System Integrator (RSI)
13296625,Cloud Service Provider (CSP)
13573090,Regional System Integrator (RSI)
13573090,Cloud Service Provider (CSP)
13573090,Independent Software Vendor (ISV)
13573090,Managed Service Provider (MSP)
12453077,Regional System Integrator (RSI)
12453077,Independent Software Vendor (ISV)
12453077,Direct Market Reseller (DMR)
12453077,Cloud Service Provider (CSP)
118621305,-
118621322,-
115082473,Value Added Reseller (VAR)
13115005,Regional System Integrator (RSI)
13108214,Cloud Service Provider (CSP)
13108214,Regional System Integrator (RSI)
15204600,-
12845056,Regional System Integrator (RSI)
12845056,Cloud Service Provider (CSP)
12845056,Independent Software Vendor (ISV)
118621353,Cloud Service Provider (CSP)
12584026,Cloud Service Provider (CSP)
12584026,Regional System Integrator (RSI)
93585931,Regional System Integrator (RSI)
93585931,Cloud Service Provider (CSP)
15205179,Regional System Integrator (RSI)
118620738,-
13107862,Regional System Integrator (RSI)
111935326,Regional System Integrator (RSI)
12714802,Cloud Service Provider (CSP)
12714802,Regional System Integrator (RSI)
12583348,Cloud Service Provider (CSP)
13369436,Regional System Integrator (RSI)
13369436,Cloud Service Provider (CSP)
13108252,Cloud Service Provider (CSP)
13108252,Value Added Reseller (VAR)
111804524,Cloud Service Provider (CSP)
111804524,Direct Market Reseller (DMR)
111804524,Regional System Integrator (RSI)
12501145,Regional System Integrator (RSI)
12501145,Cloud Service Provider (CSP)
12452384,Cloud Service Provider (CSP)
12452384,Regional System Integrator (RSI)
115082504,Regional System Integrator (RSI)
118620489,Distributor
12799388,Cloud Service Provider (CSP)
12714297,Regional System Integrator (RSI)
12714297,Cloud Service Provider (CSP)
12584393,Regional System Integrator (RSI)
12584393,Cloud Service Provider (CSP)
12713878,Cloud Service Provider (CSP)
12713878,Regional System Integrator (RSI)
12692024,Regional System Integrator (RSI)
12692024,Cloud Service Provider (CSP)
12692024,Direct Market Reseller (DMR)
118620243,Independent Software Vendor (ISV)
12452954,Managed Service Provider (MSP)
12452954,Value Added Reseller (VAR)
12452954,Cloud Service Provider (CSP)
12452954,Regional System Integrator (RSI)
12706257,Cloud Service Provider (CSP)
12706257,Managed Service Provider (MSP)
115082387,Cloud Service Provider (CSP)
12452526,Cloud Service Provider (CSP)
12452526,Regional System Integrator (RSI)
115082530,Cloud Service Provider (CSP)
115082530,Regional System Integrator (RSI)
12846328,Regional System Integrator (RSI)
12846328,Cloud Service Provider (CSP)
12583995,Cloud Service Provider (CSP)
12583995,Regional System Integrator (RSI)
12583089,Independent Software Vendor (ISV)
12583089,Cloud Service Provider (CSP)
12583089,Regional System Integrator (RSI)
15204730,Regional System Integrator (RSI)
15204730,Cloud Service Provider (CSP)
115082545,Regional System Integrator (RSI)
115082545,Direct Market Reseller (DMR)
15204739,Cloud Service Provider (CSP)
15204739,Regional System Integrator (RSI)
15204781,Managed Service Provider (MSP)
15204781,Regional System Integrator (RSI)
15204781,Cloud Service Provider (CSP)
12452421,Independent Software Vendor (ISV)
12452421,Cloud Service Provider (CSP)
12452421,Regional System Integrator (RSI)
12844903,Regional System Integrator (RSI)
13044198,Regional System Integrator (RSI)
13044198,Cloud Service Provider (CSP)
12840336,Regional System Integrator (RSI)
13369862,Regional System Integrator (RSI)
13369862,Cloud Service Provider (CSP)
111804286,Managed Service Provider (MSP)
111804286,Regional System Integrator (RSI)
111804286,Cloud Service Provider (CSP)
111804976,Regional System Integrator (RSI)
111804976,Direct Market Reseller (DMR)
115082677,Regional System Integrator (RSI)
115082677,Cloud Service Provider (CSP)
118068817,Cloud Service Provider (CSP)
118068817,Regional System Integrator (RSI)
118068817,Independent Software Vendor (ISV)
118348751,Regional System Integrator (RSI)
118348751,Cloud Service Provider (CSP)
118620579,-
118039106,Regional System Integrator (RSI)
115082646,Regional System Integrator (RSI)
115082646,Cloud Service Provider (CSP)
111936583,Direct Market Reseller (DMR)
111936583,Value Added Reseller (VAR)
115082574,Cloud Service Provider (CSP)
115082574,Regional System Integrator (RSI)
15204830,-
118621013,Direct Market Reseller (DMR)
107329891,-
12452894,-
92012637,Cloud Service Provider (CSP)
12715015,Cloud Service Provider (CSP)
12715015,Independent Software Vendor (ISV)
12582808,Independent Software Vendor (ISV)
12582808,Cloud Service Provider (CSP)
115082592,Cloud Service Provider (CSP)
115082592,Regional System Integrator (RSI)
12584051,Regional System Integrator (RSI)
12844973,Cloud Service Provider (CSP)
115081739,Value Added Reseller (VAR)
115081739,Independent Software Vendor (ISV)
118643478,Cloud Service Provider (CSP)
118643478,Regional System Integrator (RSI)
118643478,Independent Software Vendor (ISV)
12845183,Cloud Service Provider (CSP)
12845183,Regional System Integrator (RSI)
13369929,Cloud Service Provider (CSP)
13369929,Independent Software Vendor (ISV)
115082600,Cloud Service Provider (CSP)
115082600,Regional System Integrator (RSI)
115082600,Managed Service Provider (MSP)
115082603,Managed Service Provider (MSP)
115082603,Cloud Service Provider (CSP)
115082603,Regional System Integrator (RSI)
114950611,Regional System Integrator (RSI)
12583453,Cloud Service Provider (CSP)
12583453,Regional System Integrator (RSI)
15204814,Regional System Integrator (RSI)
15204814,Cloud Service Provider (CSP)
111944340,Direct Market Reseller (DMR)
13108376,Cloud Service Provider (CSP)
15204931,Cloud Service Provider (CSP)
15204931,Regional System Integrator (RSI)
114950751,Regional System Integrator (RSI)
114950751,Cloud Service Provider (CSP)
13108548,Cloud Service Provider (CSP)
13108548,Regional System Integrator (RSI)
13108548,Direct Market Reseller (DMR)
13108548,Value Added Reseller (VAR)
115343873,-
15204874,Regional System Integrator (RSI)
15204874,Cloud Service Provider (CSP)
15204874,Value Added Reseller (VAR)
15204874,Managed Service Provider (MSP)
111805503,Regional System Integrator (RSI)
111805503,Cloud Service Provider (CSP)
115081777,Regional System Integrator (RSI)
115081777,Cloud Service Provider (CSP)
114926331,Independent Software Vendor (ISV)
114926331,Cloud Service Provider (CSP)
12714744,Cloud Service Provider (CSP)
12845571,Managed Service Provider (MSP)
12845571,Cloud Service Provider (CSP)
12845571,Regional System Integrator (RSI)
12845571,Direct Market Reseller (DMR)
15204925,Regional System Integrator (RSI)
15204925,Cloud Service Provider (CSP)
115081786,Regional System Integrator (RSI)
115081786,Cloud Service Provider (CSP)
115081786,Independent Software Vendor (ISV)
114951025,Independent Software Vendor (ISV)
114951025,Cloud Service Provider (CSP)
111805170,Cloud Service Provider (CSP)
111805170,Managed Service Provider (MSP)
111805170,Regional System Integrator (RSI)
13369292,Cloud Service Provider (CSP)
13369292,Regional System Integrator (RSI)
12584146,Regional System Integrator (RSI)
12584146,Cloud Service Provider (CSP)
12666689,Cloud Service Provider (CSP)
12666689,Regional System Integrator (RSI)
12666689,Managed Service Provider (MSP)
115081797,Cloud Service Provider (CSP)
115081797,Regional System Integrator (RSI)
12704361,Managed Service Provider (MSP)
12704361,Cloud Service Provider (CSP)
12704361,Direct Market Reseller (DMR)
12704361,Value Added Reseller (VAR)
12704361,Regional System Integrator (RSI)
115081802,Independent Software Vendor (ISV)
115081802,Cloud Service Provider (CSP)
115081802,Regional System Integrator (RSI)
118620698,Regional System Integrator (RSI)
118620698,Cloud Service Provider (CSP)
118342904,Cloud Service Provider (CSP)
118342904,Regional System Integrator (RSI)
118342904,Independent Software Vendor (ISV)
12451725,Regional System Integrator (RSI)
12452635,Regional System Integrator (RSI)
12452635,Cloud Service Provider (CSP)
13370231,Cloud Service Provider (CSP)
13370231,Regional System Integrator (RSI)
111805195,Regional System Integrator (RSI)
111805195,Cloud Service Provider (CSP)
118621238,Independent Software Vendor (ISV)
118621238,Cloud Service Provider (CSP)
15205026,Regional System Integrator (RSI)
12650176,Independent Software Vendor (ISV)
12650176,Regional System Integrator (RSI)
12650176,Direct Market Reseller (DMR)
12650176,Cloud Service Provider (CSP)
118034812,Regional System Integrator (RSI)
118034812,Independent Software Vendor (ISV)
118034812,Cloud Service Provider (CSP)
118620851,Cloud Service Provider (CSP)
118620851,Regional System Integrator (RSI)
118620851,Independent Software Vendor (ISV)
13370234,Regional System Integrator (RSI)
13370234,Cloud Service Provider (CSP)
13370234,Independent Software Vendor (ISV)
118620747,Cloud Service Provider (CSP)
118620747,Independent Software Vendor (ISV)
15205015,Cloud Service Provider (CSP)
15205015,Regional System Integrator (RSI)
15205015,Managed Service Provider (MSP)
12673736,Cloud Service Provider (CSP)
12673736,Regional System Integrator (RSI)
12673736,Managed Service Provider (MSP)
15205051,Cloud Service Provider (CSP)
15205051,Regional System Integrator (RSI)
118067471,Independent Software Vendor (ISV)
118067471,Regional System Integrator (RSI)
118067471,Cloud Service Provider (CSP)
12583765,Regional System Integrator (RSI)
12583765,Cloud Service Provider (CSP)
111674572,-
15198372,Independent Software Vendor (ISV)
15198372,Regional System Integrator (RSI)
15198372,Cloud Service Provider (CSP)
111805533,Cloud Service Provider (CSP)
111805533,Regional System Integrator (RSI)
12714792,Cloud Service Provider (CSP)
13108168,Regional System Integrator (RSI)
13108168,Cloud Service Provider (CSP)
12583055,Cloud Service Provider (CSP)
12583055,Regional System Integrator (RSI)
12583055,Independent Software Vendor (ISV)
118660704,Independent Software Vendor (ISV)
118349639,Independent Software Vendor (ISV)
118349639,Regional System Integrator (RSI)
107217287,Regional System Integrator (RSI)
107217287,Managed Service Provider (MSP)
107217287,Cloud Service Provider (CSP)
118620399,Cloud Service Provider (CSP)
118620399,Regional System Integrator (RSI)
111559991,Regional System Integrator (RSI)
12714268,Regional System Integrator (RSI)
12714268,Cloud Service Provider (CSP)
12715080,Independent Software Vendor (ISV)
107217735,Regional System Integrator (RSI)
107217137,Regional System Integrator (RSI)
13614417,Regional System Integrator (RSI)
13614417,Cloud Service Provider (CSP)
15204207,Regional System Integrator (RSI)
15204207,Cloud Service Provider (CSP)
107217690,-
107218283,Independent Software Vendor (ISV)
106897013,Independent Software Vendor (ISV)
106897013,Cloud Service Provider (CSP)
106897013,Regional System Integrator (RSI)
115081921,Regional System Integrator (RSI)
115081921,Cloud Service Provider (CSP)
115081921,Managed Service Provider (MSP)
12452591,Regional System Integrator (RSI)
12452591,Cloud Service Provider (CSP)
12452591,Managed Service Provider (MSP)
118621362,Cloud Service Provider (CSP)
118621362,Value Added Reseller (VAR)
114951282,Independent Software Vendor (ISV)
13370318,Cloud Service Provider (CSP)
13370318,Managed Service Provider (MSP)
13370318,Regional System Integrator (RSI)
12845148,Independent Software Vendor (ISV)
12845148,Cloud Service Provider (CSP)
12845148,Regional System Integrator (RSI)
12845148,Managed Service Provider (MSP)
115082700,Cloud Service Provider (CSP)
12667290,Regional System Integrator (RSI)
13638865,-
115081860,Managed Service Provider (MSP)
115081860,Regional System Integrator (RSI)
115081860,Cloud Service Provider (CSP)
12845232,Regional System Integrator (RSI)
12845232,Cloud Service Provider (CSP)
12845232,Managed Service Provider (MSP)
115082188,Cloud Service Provider (CSP)
115082188,Managed Service Provider (MSP)
115082188,Regional System Integrator (RSI)
115082188,Independent Software Vendor (ISV)
115082188,Value Added Reseller (VAR)
12460261,Cloud Service Provider (CSP)
12460261,Regional System Integrator (RSI)
12460261,Managed Service Provider (MSP)
12460261,Direct Market Reseller (DMR)
12460261,Value Added Reseller (VAR)
12460261,Independent Software Vendor (ISV)
15205126,Regional System Integrator (RSI)
115081979,Cloud Service Provider (CSP)
115081979,Managed Service Provider (MSP)
115081979,Regional System Integrator (RSI)
12845177,-
13370167,Cloud Service Provider (CSP)
13370167,Regional System Integrator (RSI)
118621190,Regional System Integrator (RSI)
13066077,Independent Software Vendor (ISV)
13066077,Regional System Integrator (RSI)
13066077,Cloud Service Provider (CSP)
13108075,Regional System Integrator (RSI)
13108075,Cloud Service Provider (CSP)
111935384,Regional System Integrator (RSI)
111935384,Independent Software Vendor (ISV)
111935384,Cloud Service Provider (CSP)
115082124,Cloud Service Provider (CSP)
115082124,Regional System Integrator (RSI)
115082124,Managed Service Provider (MSP)
13112752,Independent Software Vendor (ISV)
13112752,Cloud Service Provider (CSP)
13112752,Regional System Integrator (RSI)
12582763,-
92013742,Cloud Service Provider (CSP)
92013742,Regional System Integrator (RSI)
92013742,Independent Software Vendor (ISV)
12583320,Regional System Integrator (RSI)
12583320,Cloud Service Provider (CSP)
12583320,Independent Software Vendor (ISV)
111574634,Regional System Integrator (RSI)
13293513,Cloud Service Provider (CSP)
13293513,Regional System Integrator (RSI)
13293513,Managed Service Provider (MSP)
118054833,Independent Software Vendor (ISV)
118620286,Regional System Integrator (RSI)
118620286,Independent Software Vendor (ISV)
118620286,Cloud Service Provider (CSP)
13107814,Regional System Integrator (RSI)
13107814,Cloud Service Provider (CSP)
15205194,Cloud Service Provider (CSP)
15205194,Regional System Integrator (RSI)
15205196,Regional System Integrator (RSI)
15205196,Independent Software Vendor (ISV)
13370386,Cloud Service Provider (CSP)
13370386,Independent Software Vendor (ISV)
13370386,Regional System Integrator (RSI)
92144755,Direct Market Reseller (DMR)
92144755,Regional System Integrator (RSI)
92144755,Cloud Service Provider (CSP)
15205177,Regional System Integrator (RSI)
15205177,Cloud Service Provider (CSP)
12583557,Managed Service Provider (MSP)
118620479,Regional System Integrator (RSI)
118620479,Cloud Service Provider (CSP)
115082161,Managed Service Provider (MSP)
115082161,Cloud Service Provider (CSP)
115082161,Regional System Integrator (RSI)
118620478,Independent Software Vendor (ISV)
118620478,Cloud Service Provider (CSP)
118620478,Regional System Integrator (RSI)
12583846,Regional System Integrator (RSI)
12583846,Independent Software Vendor (ISV)
12583846,Cloud Service Provider (CSP)
12583003,Cloud Service Provider (CSP)
12583003,Value Added Reseller (VAR)
12583003,Independent Software Vendor (ISV)
15205180,Regional System Integrator (RSI)
15205180,Cloud Service Provider (CSP)
118620446,Independent Software Vendor (ISV)
118620446,Cloud Service Provider (CSP)
12453213,Regional System Integrator (RSI)
12583502,Regional System Integrator (RSI)
12583502,Cloud Service Provider (CSP)
15205263,Managed Service Provider (MSP)
15205263,Direct Market Reseller (DMR)
15205263,Cloud Service Provider (CSP)
15205263,Regional System Integrator (RSI)
118620966,Cloud Service Provider (CSP)
118620966,Regional System Integrator (RSI)
12403541,Independent Software Vendor (ISV)
12403541,Regional System Integrator (RSI)
12403541,Cloud Service Provider (CSP)
111935822,Cloud Service Provider (CSP)
111935822,Managed Service Provider (MSP)
111935822,Regional System Integrator (RSI)
15205184,Regional System Integrator (RSI)
111936530,Regional System Integrator (RSI)
111936530,Direct Market Reseller (DMR)
111936530,Cloud Service Provider (CSP)
12584201,Regional System Integrator (RSI)
118620304,Cloud Service Provider (CSP)
118620484,Cloud Service Provider (CSP)
118620484,Regional System Integrator (RSI)
15205265,Regional System Integrator (RSI)
118620640,Regional System Integrator (RSI)
118620578,Regional System Integrator (RSI)
12429944,Cloud Service Provider (CSP)
12429944,Independent Software Vendor (ISV)
12429944,Regional System Integrator (RSI)
13370384,Regional System Integrator (RSI)
12715140,Regional System Integrator (RSI)
12715140,Managed Service Provider (MSP)
12715140,Cloud Service Provider (CSP)
12714791,Cloud Service Provider (CSP)
12714791,Regional System Integrator (RSI)
13369713,Direct Market Reseller (DMR)
13369713,Cloud Service Provider (CSP)
13369713,Regional System Integrator (RSI)
13369713,Managed Service Provider (MSP)
12492385,Managed Service Provider (MSP)
12492385,Cloud Service Provider (CSP)
12492385,Regional System Integrator (RSI)
12492385,Direct Market Reseller (DMR)
12492385,Independent Software Vendor (ISV)
92221021,Cloud Service Provider (CSP)
92012410,Independent Software Vendor (ISV)
92012410,Cloud Service Provider (CSP)
92012410,Regional System Integrator (RSI)
12715072,Value Added Reseller (VAR)
12715072,Regional System Integrator (RSI)
12715072,Cloud Service Provider (CSP)
12715072,Managed Service Provider (MSP)
15205269,Cloud Service Provider (CSP)
115082024,Cloud Service Provider (CSP)
115082024,Managed Service Provider (MSP)
115082024,Regional System Integrator (RSI)
115082025,Cloud Service Provider (CSP)
115082025,Managed Service Provider (MSP)
111805369,Managed Service Provider (MSP)
111805369,Direct Market Reseller (DMR)
111805369,Cloud Service Provider (CSP)
111805369,Regional System Integrator (RSI)
115082202,Regional System Integrator (RSI)
115082202,Cloud Service Provider (CSP)
12846570,Independent Software Vendor (ISV)
12846570,Cloud Service Provider (CSP)
12846570,Regional System Integrator (RSI)
12845991,Cloud Service Provider (CSP)
12583685,Direct Market Reseller (DMR)
12583685,Cloud Service Provider (CSP)
12583685,Regional System Integrator (RSI)
93585612,Independent Software Vendor (ISV)
93585612,Cloud Service Provider (CSP)
12715037,Regional System Integrator (RSI)
12715037,Cloud Service Provider (CSP)
12715037,Independent Software Vendor (ISV)
13108325,-
111542848,Direct Market Reseller (DMR)
111542848,Cloud Service Provider (CSP)
111542848,Value Added Reseller (VAR)
111542872,Independent Software Vendor (ISV)
111542872,Cloud Service Provider (CSP)
118620585,Cloud Service Provider (CSP)
118620434,Regional System Integrator (RSI)
115082107,Cloud Service Provider (CSP)
115082107,Regional System Integrator (RSI)
12584349,Cloud Service Provider (CSP)
12584349,Regional System Integrator (RSI)
111542542,Independent Software Vendor (ISV)
111542542,Regional System Integrator (RSI)
13108330,Cloud Service Provider (CSP)
111543542,Regional System Integrator (RSI)
118629184,Regional System Integrator (RSI)
118629184,Cloud Service Provider (CSP)
115081322,Cloud Service Provider (CSP)
115081322,Regional System Integrator (RSI)
12845876,Cloud Service Provider (CSP)
12845876,Regional System Integrator (RSI)
12714676,Regional System Integrator (RSI)
12714676,Cloud Service Provider (CSP)
118620658,Managed Service Provider (MSP)
118620552,Cloud Service Provider (CSP)
13108198,Regional System Integrator (RSI)
13108198,Cloud Service Provider (CSP)
13108198,Independent Software Vendor (ISV)
13369777,Regional System Integrator (RSI)
13369777,Independent Software Vendor (ISV)
13369777,Cloud Service Provider (CSP)
115081325,Direct Market Reseller (DMR)
115081325,Value Added Reseller (VAR)
115081325,Independent Software Vendor (ISV)
118621596,Regional System Integrator (RSI)
118621614,Regional System Integrator (RSI)
118621614,Independent Software Vendor (ISV)
13108468,Cloud Service Provider (CSP)
118621086,Independent Software Vendor (ISV)
115081327,Cloud Service Provider (CSP)
115081327,Regional System Integrator (RSI)
118620701,Cloud Service Provider (CSP)
118620701,Regional System Integrator (RSI)
92275673,Regional System Integrator (RSI)
92275673,Cloud Service Provider (CSP)
118620380,Cloud Service Provider (CSP)
118620415,Cloud Service Provider (CSP)
118620415,Regional System Integrator (RSI)
12846501,Cloud Service Provider (CSP)
13044629,Managed Service Provider (MSP)
13044629,Regional System Integrator (RSI)
13044629,Cloud Service Provider (CSP)
115343355,Managed Service Provider (MSP)
115343355,Cloud Service Provider (CSP)
115081300,Cloud Service Provider (CSP)
115081300,Regional System Integrator (RSI)
118620358,-
12469458,Cloud Service Provider (CSP)
12469458,Regional System Integrator (RSI)
12469458,Independent Software Vendor (ISV)
13084321,Cloud Service Provider (CSP)
13084321,Regional System Integrator (RSI)
13084321,Managed Service Provider (MSP)
12582790,Regional System Integrator (RSI)
12582790,Cloud Service Provider (CSP)
111764531,-
118620596,Independent Software Vendor (ISV)
118620596,Cloud Service Provider (CSP)
12584015,Regional System Integrator (RSI)
118620429,Regional System Integrator (RSI)
118620429,Cloud Service Provider (CSP)
118620262,-
118620537,-
118620258,Regional System Integrator (RSI)
118620258,Cloud Service Provider (CSP)
12714913,Cloud Service Provider (CSP)
13108706,Regional System Integrator (RSI)
12845794,Independent Software Vendor (ISV)
12845794,Regional System Integrator (RSI)
12845794,Cloud Service Provider (CSP)
118621036,Regional System Integrator (RSI)
92013290,Regional System Integrator (RSI)
12833779,Cloud Service Provider (CSP)
12845776,Cloud Service Provider (CSP)
115081486,-
112094464,Regional System Integrator (RSI)
112094464,Independent Software Vendor (ISV)
13094978,Managed Service Provider (MSP)
13094978,Direct Market Reseller (DMR)
13094978,Cloud Service Provider (CSP)
13094978,Regional System Integrator (RSI)
12453117,Cloud Service Provider (CSP)
12453117,Regional System Integrator (RSI)
12453117,Direct Market Reseller (DMR)
111542917,-
111936519,Regional System Integrator (RSI)
111936519,Managed Service Provider (MSP)
111936519,Cloud Service Provider (CSP)
12846082,Cloud Service Provider (CSP)
12846082,Direct Market Reseller (DMR)
118621289,Regional System Integrator (RSI)
115081362,Cloud Service Provider (CSP)
115081362,Managed Service Provider (MSP)
115081362,Regional System Integrator (RSI)
12405281,Independent Software Vendor (ISV)
12405281,Cloud Service Provider (CSP)
12405281,Regional System Integrator (RSI)
12794959,Cloud Service Provider (CSP)
12794959,Regional System Integrator (RSI)
115343244,Independent Software Vendor (ISV)
12846374,Cloud Service Provider (CSP)
12846374,Regional System Integrator (RSI)
115081455,Regional System Integrator (RSI)
115081455,Cloud Service Provider (CSP)
12583432,Value Added Reseller (VAR)
12583432,Regional System Integrator (RSI)
12583432,Cloud Service Provider (CSP)
12583432,Managed Service Provider (MSP)
12714735,-
12715499,Regional System Integrator (RSI)
12714959,-
118620957,Independent Software Vendor (ISV)
118620957,Cloud Service Provider (CSP)
118620248,Independent Software Vendor (ISV)
12452339,Regional System Integrator (RSI)
12551077,Cloud Service Provider (CSP)
12551077,Independent Software Vendor (ISV)
118619980,Independent Software Vendor (ISV)
118619980,Regional System Integrator (RSI)
118620173,Independent Software Vendor (ISV)
118620173,Direct Market Reseller (DMR)
115081406,Managed Service Provider (MSP)
12453126,Regional System Integrator (RSI)
12453126,Cloud Service Provider (CSP)
12453126,Independent Software Vendor (ISV)
111542702,Managed Service Provider (MSP)
12583216,Value Added Reseller (VAR)
12583216,Regional System Integrator (RSI)
12583216,Managed Service Provider (MSP)
12583216,Cloud Service Provider (CSP)
115081409,Managed Service Provider (MSP)
118620364,Cloud Service Provider (CSP)
115344058,Regional System Integrator (RSI)
115344058,Cloud Service Provider (CSP)
13370162,Regional System Integrator (RSI)
92143867,Regional System Integrator (RSI)
92143867,Cloud Service Provider (CSP)
118316496,-
108765450,Regional System Integrator (RSI)
12453210,Cloud Service Provider (CSP)
12453210,Regional System Integrator (RSI)
12453210,Managed Service Provider (MSP)
115081523,Cloud Service Provider (CSP)
115081523,Regional System Integrator (RSI)
12792443,Independent Software Vendor (ISV)
12792443,Regional System Integrator (RSI)
12792443,Cloud Service Provider (CSP)
12792443,Managed Service Provider (MSP)
12715436,Cloud Service Provider (CSP)
12715436,Regional System Integrator (RSI)
12715436,Managed Service Provider (MSP)
92012711,Cloud Service Provider (CSP)
92012711,Regional System Integrator (RSI)
118024471,-
111543553,Direct Market Reseller (DMR)
111543553,Value Added Reseller (VAR)
107347975,Regional System Integrator (RSI)
107348503,-
107348405,Regional System Integrator (RSI)
107348405,Cloud Service Provider (CSP)
115081700,Regional System Integrator (RSI)
107348288,Direct Market Reseller (DMR)
107348288,Value Added Reseller (VAR)
107348433,Regional System Integrator (RSI)
107348207,Cloud Service Provider (CSP)
107348329,-
12583066,Managed Service Provider (MSP)
12583066,Cloud Service Provider (CSP)
12535148,Independent Software Vendor (ISV)
12535148,Regional System Integrator (RSI)
12535148,Managed Service Provider (MSP)
12535148,Direct Market Reseller (DMR)
12535148,Cloud Service Provider (CSP)
107350367,Independent Software Vendor (ISV)
107349422,Cloud Service Provider (CSP)
107349422,Regional System Integrator (RSI)
107349275,Cloud Service Provider (CSP)
107349275,Regional System Integrator (RSI)
12846578,Regional System Integrator (RSI)
12846578,Independent Software Vendor (ISV)
12846578,Cloud Service Provider (CSP)
118652265,-
118620904,-
12714065,Cloud Service Provider (CSP)
13369487,Regional System Integrator (RSI)
13369487,Cloud Service Provider (CSP)
13369487,Managed Service Provider (MSP)
13369487,Value Added Reseller (VAR)
118021734,Cloud Service Provider (CSP)
12844942,Cloud Service Provider (CSP)
111935588,Cloud Service Provider (CSP)
13084467,Managed Service Provider (MSP)
13084467,Cloud Service Provider (CSP)
118620811,Cloud Service Provider (CSP)
118620811,Regional System Integrator (RSI)
15205419,Cloud Service Provider (CSP)
15205419,Regional System Integrator (RSI)
12452882,Managed Service Provider (MSP)
12452882,Cloud Service Provider (CSP)
12452882,Regional System Integrator (RSI)
12453085,Cloud Service Provider (CSP)
12453085,Regional System Integrator (RSI)
12414034,Regional System Integrator (RSI)
13108615,Regional System Integrator (RSI)
115250500,Independent Software Vendor (ISV)
111608881,Value Added Reseller (VAR)
111608881,Regional System Integrator (RSI)
92145039,-
15205392,Cloud Service Provider (CSP)
15205392,Regional System Integrator (RSI)
15205480,Cloud Service Provider (CSP)
15205480,Regional System Integrator (RSI)
118620009,Cloud Service Provider (CSP)
118620009,Regional System Integrator (RSI)
118620758,Cloud Service Provider (CSP)
118620758,Regional System Integrator (RSI)
118620791,Cloud Service Provider (CSP)
118620791,Regional System Integrator (RSI)
12804399,Cloud Service Provider (CSP)
118620168,Independent Software Vendor (ISV)
12583752,Cloud Service Provider (CSP)
12583752,Regional System Integrator (RSI)
115081587,Regional System Integrator (RSI)
12453133,Cloud Service Provider (CSP)
111674440,-
118621501,Cloud Service Provider (CSP)
118621501,Independent Software Vendor (ISV)
15205463,Regional System Integrator (RSI)
15205463,Cloud Service Provider (CSP)
15205463,Managed Service Provider (MSP)
12452150,Cloud Service Provider (CSP)
12452150,Independent Software Vendor (ISV)
12452150,Regional System Integrator (RSI)
12845558,Managed Service Provider (MSP)
12845558,Cloud Service Provider (CSP)
12845558,Regional System Integrator (RSI)
12452982,Cloud Service Provider (CSP)
12452982,Value Added Reseller (VAR)
12452982,Direct Market Reseller (DMR)
12452982,Regional System Integrator (RSI)
12846496,Independent Software Vendor (ISV)
118620014,Independent Software Vendor (ISV)
118621493,Independent Software Vendor (ISV)
118621493,Regional System Integrator (RSI)
118621493,Cloud Service Provider (CSP)
118053885,-
12452638,Cloud Service Provider (CSP)
12452638,Regional System Integrator (RSI)
15205462,Cloud Service Provider (CSP)
15205462,Regional System Integrator (RSI)
115081638,Managed Service Provider (MSP)
115081638,Cloud Service Provider (CSP)
115081638,Regional System Integrator (RSI)
12715143,Independent Software Vendor (ISV)
12715143,Regional System Integrator (RSI)
111635684,Cloud Service Provider (CSP)
12811513,Cloud Service Provider (CSP)
15205444,Regional System Integrator (RSI)
15205444,Cloud Service Provider (CSP)
15205444,Value Added Reseller (VAR)
118621050,-
118621468,Managed Service Provider (MSP)
118621468,Regional System Integrator (RSI)
118621468,Cloud Service Provider (CSP)
92012791,Cloud Service Provider (CSP)
92012791,Regional System Integrator (RSI)
12715477,Independent Software Vendor (ISV)
12715477,Cloud Service Provider (CSP)
12715477,Regional System Integrator (RSI)
12715477,Direct Market Reseller (DMR)
12676628,Regional System Integrator (RSI)
12676628,Independent Software Vendor (ISV)
12676628,Cloud Service Provider (CSP)
118620384,Regional System Integrator (RSI)
118620384,Value Added Reseller (VAR)
118620384,Managed Service Provider (MSP)
118620384,Cloud Service Provider (CSP)
118315628,Regional System Integrator (RSI)
118621397,Regional System Integrator (RSI)
118621397,Cloud Service Provider (CSP)
115344608,Cloud Service Provider (CSP)
115344512,Managed Service Provider (MSP)
115344512,Cloud Service Provider (CSP)
115344512,Regional System Integrator (RSI)
12845758,Cloud Service Provider (CSP)
12845758,Regional System Integrator (RSI)
26000299,Cloud Service Provider (CSP)
26000299,Regional System Integrator (RSI)
26000299,Value Added Reseller (VAR)
12433565,Regional System Integrator (RSI)
12715135,Regional System Integrator (RSI)
12715135,Direct Market Reseller (DMR)
12715135,Managed Service Provider (MSP)
12715135,Cloud Service Provider (CSP)
15205560,Regional System Integrator (RSI)
15205560,Cloud Service Provider (CSP)
15205560,Independent Software Vendor (ISV)
12452959,Cloud Service Provider (CSP)
12452959,Regional System Integrator (RSI)
115344806,Independent Software Vendor (ISV)
115344806,Cloud Service Provider (CSP)
111805680,Cloud Service Provider (CSP)
111805680,Regional System Integrator (RSI)
118619992,Regional System Integrator (RSI)
118621463,Regional System Integrator (RSI)
118621463,Cloud Service Provider (CSP)
118620076,Independent Software Vendor (ISV)
118620076,Cloud Service Provider (CSP)
118620076,Regional System Integrator (RSI)
13295534,Cloud Service Provider (CSP)
13295534,Regional System Integrator (RSI)
12583235,Regional System Integrator (RSI)
12452272,Regional System Integrator (RSI)
12452879,Cloud Service Provider (CSP)
12583942,Regional System Integrator (RSI)
12583942,Cloud Service Provider (CSP)
118621485,Cloud Service Provider (CSP)
118621485,Regional System Integrator (RSI)
115082001,-
12845579,Value Added Reseller (VAR)
118621427,Cloud Service Provider (CSP)
118620859,Independent Software Vendor (ISV)
118620859,Regional System Integrator (RSI)
12844894,Cloud Service Provider (CSP)
12844894,Regional System Integrator (RSI)
118621595,-
12451761,Regional System Integrator (RSI)
12451761,Cloud Service Provider (CSP)
92157006,Cloud Service Provider (CSP)
92157006,Independent Software Vendor (ISV)
92157006,Regional System Integrator (RSI)
115081507,Cloud Service Provider (CSP)
13369911,Independent Software Vendor (ISV)
13369911,Regional System Integrator (RSI)
12452967,Regional System Integrator (RSI)
12452967,Independent Software Vendor (ISV)
12452555,Direct Market Reseller (DMR)
118621459,Regional System Integrator (RSI)
118621525,Regional System Integrator (RSI)
118621525,Independent Software Vendor (ISV)
12715479,Cloud Service Provider (CSP)
12715479,Regional System Integrator (RSI)
118620012,Regional System Integrator (RSI)
15205529,Regional System Integrator (RSI)
15205529,Cloud Service Provider (CSP)
12715157,-
13370098,Independent Software Vendor (ISV)
13370098,Cloud Service Provider (CSP)
111935589,Regional System Integrator (RSI)
111935589,Cloud Service Provider (CSP)
12846025,Regional System Integrator (RSI)
12846025,Independent Software Vendor (ISV)
12846025,Cloud Service Provider (CSP)
118056721,Independent Software Vendor (ISV)
15205605,Independent Software Vendor (ISV)
15205605,Regional System Integrator (RSI)
15205610,Cloud Service Provider (CSP)
15205610,Regional System Integrator (RSI)
15205631,Regional System Integrator (RSI)
15205631,Independent Software Vendor (ISV)
15205515,Regional System Integrator (RSI)
15205515,Cloud Service Provider (CSP)
15205515,Independent Software Vendor (ISV)
15205668,Cloud Service Provider (CSP)
15205668,Regional System Integrator (RSI)
12588900,Independent Software Vendor (ISV)
12588900,Cloud Service Provider (CSP)
12588900,Managed Service Provider (MSP)
12588900,Regional System Integrator (RSI)
13369995,Cloud Service Provider (CSP)
13369995,Independent Software Vendor (ISV)
118620068,Cloud Service Provider (CSP)
111674486,Regional System Integrator (RSI)
12715128,Managed Service Provider (MSP)
12715128,Regional System Integrator (RSI)
12715128,Cloud Service Provider (CSP)
92144495,Independent Software Vendor (ISV)
111804587,Direct Market Reseller (DMR)
111804587,Regional System Integrator (RSI)
111804587,Cloud Service Provider (CSP)
111804587,Managed Service Provider (MSP)
111969258,Independent Software Vendor (ISV)
111969258,Regional System Integrator (RSI)
12452269,Regional System Integrator (RSI)
12452269,Managed Service Provider (MSP)
12452269,Cloud Service Provider (CSP)
12452269,Direct Market Reseller (DMR)
118620007,Independent Software Vendor (ISV)
118620007,Cloud Service Provider (CSP)
111805854,Cloud Service Provider (CSP)
111805854,Regional System Integrator (RSI)
118050468,Independent Software Vendor (ISV)
118050468,Regional System Integrator (RSI)
12425801,Independent Software Vendor (ISV)
12425801,Regional System Integrator (RSI)
12425801,Cloud Service Provider (CSP)
12582801,Independent Software Vendor (ISV)
12582801,Regional System Integrator (RSI)
12582801,Cloud Service Provider (CSP)
118621520,Cloud Service Provider (CSP)
118621520,Regional System Integrator (RSI)
118621441,Managed Service Provider (MSP)
118621441,Cloud Service Provider (CSP)
107217603,Cloud Service Provider (CSP)
107217603,Independent Software Vendor (ISV)
107217603,Value Added Reseller (VAR)
107217603,Regional System Integrator (RSI)
111614885,Cloud Service Provider (CSP)
12583552,Cloud Service Provider (CSP)
12583552,Regional System Integrator (RSI)
13108539,Regional System Integrator (RSI)
13108539,Cloud Service Provider (CSP)
12582833,Cloud Service Provider (CSP)
114978129,Regional System Integrator (RSI)
114978129,Cloud Service Provider (CSP)
13107337,Regional System Integrator (RSI)
13107337,Independent Software Vendor (ISV)
115081693,Regional System Integrator (RSI)
12584317,Regional System Integrator (RSI)
15205642,Cloud Service Provider (CSP)
15205642,Regional System Integrator (RSI)
12605502,Cloud Service Provider (CSP)
12605502,Regional System Integrator (RSI)
114950341,Regional System Integrator (RSI)
114950341,Cloud Service Provider (CSP)
93454231,Regional System Integrator (RSI)
118620059,Cloud Service Provider (CSP)
118620723,-
92012931,Independent Software Vendor (ISV)
92012931,Regional System Integrator (RSI)
12638270,Managed Service Provider (MSP)
12638270,Cloud Service Provider (CSP)
12845846,-
12714808,Value Added Reseller (VAR)
12714808,Regional System Integrator (RSI)
15205644,Regional System Integrator (RSI)
15205644,Value Added Reseller (VAR)
15205644,Cloud Service Provider (CSP)
15205644,Managed Service Provider (MSP)
15205657,Managed Service Provider (MSP)
15205657,Regional System Integrator (RSI)
15205657,Independent Software Vendor (ISV)
15205657,Cloud Service Provider (CSP)
111936892,Independent Software Vendor (ISV)
111936892,Direct Market Reseller (DMR)
118632475,Independent Software Vendor (ISV)
118632475,Cloud Service Provider (CSP)
115081133,Cloud Service Provider (CSP)
115081133,Regional System Integrator (RSI)
12584419,Regional System Integrator (RSI)
92013899,Independent Software Vendor (ISV)
92013899,Regional System Integrator (RSI)
12583922,Regional System Integrator (RSI)
12583922,Cloud Service Provider (CSP)
111935593,Regional System Integrator (RSI)
118315302,-
12715453,Cloud Service Provider (CSP)
12715453,Regional System Integrator (RSI)
12584123,Managed Service Provider (MSP)
12584123,Value Added Reseller (VAR)
12584123,Regional System Integrator (RSI)
12584123,Cloud Service Provider (CSP)
114950323,Regional System Integrator (RSI)
13108393,Regional System Integrator (RSI)
13108393,Cloud Service Provider (CSP)
12845840,Cloud Service Provider (CSP)
12845840,Regional System Integrator (RSI)
12845238,Regional System Integrator (RSI)
12845238,Cloud Service Provider (CSP)
111936174,Value Added Reseller (VAR)
111936174,Regional System Integrator (RSI)
12451659,Cloud Service Provider (CSP)
115081056,Independent Software Vendor (ISV)
115081056,Cloud Service Provider (CSP)
12714910,Cloud Service Provider (CSP)
12714910,Regional System Integrator (RSI)
12583479,Cloud Service Provider (CSP)
12583479,Regional System Integrator (RSI)
111674164,Regional System Integrator (RSI)
111674164,Cloud Service Provider (CSP)
111674164,Managed Service Provider (MSP)
12452577,Regional System Integrator (RSI)
12452577,Independent Software Vendor (ISV)
12452577,Cloud Service Provider (CSP)
13108011,Independent Software Vendor (ISV)
92144009,Regional System Integrator (RSI)
114950482,Cloud Service Provider (CSP)
114950482,Independent Software Vendor (ISV)
114950482,Regional System Integrator (RSI)
26061677,Cloud Service Provider (CSP)
26061677,Regional System Integrator (RSI)
118620692,Cloud Service Provider (CSP)
118620692,Regional System Integrator (RSI)
12582839,Cloud Service Provider (CSP)
12582839,Regional System Integrator (RSI)
12452797,Cloud Service Provider (CSP)
12452797,Regional System Integrator (RSI)
12452797,Independent Software Vendor (ISV)
107218349,Cloud Service Provider (CSP)
111674170,Regional System Integrator (RSI)
111935495,Regional System Integrator (RSI)
111935495,Cloud Service Provider (CSP)
13107417,Cloud Service Provider (CSP)
13107417,Regional System Integrator (RSI)
13369940,Cloud Service Provider (CSP)
13369940,Regional System Integrator (RSI)
12832616,Cloud Service Provider (CSP)
12832616,Regional System Integrator (RSI)
12832616,Independent Software Vendor (ISV)
118621522,Regional System Integrator (RSI)
118621522,Independent Software Vendor (ISV)
12714324,Cloud Service Provider (CSP)
12714324,Regional System Integrator (RSI)
12714324,Value Added Reseller (VAR)
13108134,Cloud Service Provider (CSP)
13108134,Regional System Integrator (RSI)
12452916,Independent Software Vendor (ISV)
118621670,Independent Software Vendor (ISV)
118621670,Cloud Service Provider (CSP)
12453295,Regional System Integrator (RSI)
12453295,Cloud Service Provider (CSP)
12453295,Managed Service Provider (MSP)
118620949,-
115081110,-
115081208,Regional System Integrator (RSI)
115081208,Cloud Service Provider (CSP)
115212216,Independent Software Vendor (ISV)
115212216,Cloud Service Provider (CSP)
12584161,Regional System Integrator (RSI)
12584161,Cloud Service Provider (CSP)
12453009,Cloud Service Provider (CSP)
12453009,Regional System Integrator (RSI)
111673997,Cloud Service Provider (CSP)
111673997,Independent Software Vendor (ISV)
115212391,Cloud Service Provider (CSP)
115212391,Regional System Integrator (RSI)
111804352,Cloud Service Provider (CSP)
111804352,Regional System Integrator (RSI)
115212404,Regional System Integrator (RSI)
115212404,Cloud Service Provider (CSP)
12714121,Cloud Service Provider (CSP)
115212455,Cloud Service Provider (CSP)
115212731,Cloud Service Provider (CSP)
115212731,Regional System Integrator (RSI)
115081331,Managed Service Provider (MSP)
115081331,Cloud Service Provider (CSP)
13107017,Managed Service Provider (MSP)
13107017,Cloud Service Provider (CSP)
13107017,Regional System Integrator (RSI)
12453038,Regional System Integrator (RSI)
12453038,Managed Service Provider (MSP)
12453038,Direct Market Reseller (DMR)
12846397,Cloud Service Provider (CSP)
12846397,Regional System Integrator (RSI)
12452727,Cloud Service Provider (CSP)
12452727,Value Added Reseller (VAR)
12452727,Regional System Integrator (RSI)
15204294,Regional System Integrator (RSI)
15204294,Managed Service Provider (MSP)
15204294,Independent Software Vendor (ISV)
15204294,Cloud Service Provider (CSP)
115081131,Regional System Integrator (RSI)
115081131,Cloud Service Provider (CSP)
115081131,Managed Service Provider (MSP)
115212676,Independent Software Vendor (ISV)
115212676,Cloud Service Provider (CSP)
13370578,Regional System Integrator (RSI)
13370578,Cloud Service Provider (CSP)
12583560,Cloud Service Provider (CSP)
12583560,Managed Service Provider (MSP)
12583560,Direct Market Reseller (DMR)
12583560,Independent Software Vendor (ISV)
12583560,Regional System Integrator (RSI)
12715160,Cloud Service Provider (CSP)
12715160,Regional System Integrator (RSI)
12715160,Direct Market Reseller (DMR)
12452808,Cloud Service Provider (CSP)
115212793,Managed Service Provider (MSP)
115212793,Cloud Service Provider (CSP)
115212793,Regional System Integrator (RSI)
118621343,Regional System Integrator (RSI)
118621343,Independent Software Vendor (ISV)
13108161,Cloud Service Provider (CSP)
13108161,Regional System Integrator (RSI)
115212816,Regional System Integrator (RSI)
115212816,Independent Software Vendor (ISV)
15204296,Regional System Integrator (RSI)
15204296,Independent Software Vendor (ISV)
15204296,Cloud Service Provider (CSP)
115212958,Regional System Integrator (RSI)
115213019,Independent Software Vendor (ISV)
115213019,Cloud Service Provider (CSP)
115213019,Regional System Integrator (RSI)
118620744,Cloud Service Provider (CSP)
118620744,Regional System Integrator (RSI)
118620744,Independent Software Vendor (ISV)
115213451,Independent Software Vendor (ISV)
115213451,Cloud Service Provider (CSP)
