classification,company_id
Regional System Integrator (RSI),31f4f889-5c6a-4867-b12d-d70e0b1ede37
Cloud Service Provider (CSP),31f4f889-5c6a-4867-b12d-d70e0b1ede37
Regional System Integrator (RSI),025d9464-547d-4d96-a716-bb36bf0d1f55
Cloud Service Provider (CSP),025d9464-547d-4d96-a716-bb36bf0d1f55
Cloud Service Provider (CSP),3da23ea0-4997-4c21-88f6-8cee4d17e40a
Regional System Integrator (RSI),3da23ea0-4997-4c21-88f6-8cee4d17e40a
Independent Software Vendor (ISV),3da23ea0-4997-4c21-88f6-8cee4d17e40a
Independent Software Vendor (ISV),aadab715-a81f-4354-a700-a5689ffb2341
Regional System Integrator (RSI),aadab715-a81f-4354-a700-a5689ffb2341
Cloud Service Provider (CSP),aadab715-a81f-4354-a700-a5689ffb2341
Managed Service Provider (MSP),2d6dc330-aa19-42be-a5c7-b0ae641b3d43
Cloud Service Provider (CSP),2d6dc330-aa19-42be-a5c7-b0ae641b3d43
Distributor,15ada0e4-fd22-4523-96a9-548e33656ad5
Independent Software Vendor (ISV),15ada0e4-fd22-4523-96a9-548e33656ad5
Cloud Service Provider (CSP),e02b4dfb-be6d-4dc0-b902-e6fb62b7d2e2
Regional System Integrator (RSI),42d63ff2-8889-425f-9b86-5b7109e48354
Cloud Service Provider (CSP),42d63ff2-8889-425f-9b86-5b7109e48354
Value Added Reseller (VAR),42d63ff2-8889-425f-9b86-5b7109e48354
Direct Market Reseller (DMR),42d63ff2-8889-425f-9b86-5b7109e48354
Regional System Integrator (RSI),a4d47add-bff3-4365-a269-6d86aef04bc2
Cloud Service Provider (CSP),a4d47add-bff3-4365-a269-6d86aef04bc2
Cloud Service Provider (CSP),a5b54099-1df5-4a7f-929a-cb9e2804874a
Regional System Integrator (RSI),a5b54099-1df5-4a7f-929a-cb9e2804874a
Cloud Service Provider (CSP),8549a90a-895b-49e6-a568-9c8d4a2205c5
Value Added Reseller (VAR),8549a90a-895b-49e6-a568-9c8d4a2205c5
Cloud Service Provider (CSP),075d4f36-601b-403b-9397-4f708a576184
Independent Software Vendor (ISV),075d4f36-601b-403b-9397-4f708a576184
Managed Service Provider (MSP),f0ac4cd6-513f-47f2-b79a-f1b2ed21b23d
Regional System Integrator (RSI),f0ac4cd6-513f-47f2-b79a-f1b2ed21b23d
Cloud Service Provider (CSP),f0ac4cd6-513f-47f2-b79a-f1b2ed21b23d
Regional System Integrator (RSI),03ef0e0a-644a-4161-9030-f38a840c2679
Cloud Service Provider (CSP),03ef0e0a-644a-4161-9030-f38a840c2679
Direct Market Reseller (DMR),03ef0e0a-644a-4161-9030-f38a840c2679
Cloud Service Provider (CSP),733ef438-99f2-4253-8617-cc871c341079
Independent Software Vendor (ISV),733ef438-99f2-4253-8617-cc871c341079
Regional System Integrator (RSI),733ef438-99f2-4253-8617-cc871c341079
Cloud Service Provider (CSP),f762af7d-90bb-46b0-ae10-2b678f87a86f
Regional System Integrator (RSI),f762af7d-90bb-46b0-ae10-2b678f87a86f
Regional System Integrator (RSI),a260283e-cd39-436d-8e43-2cc733f9ea3c
Regional System Integrator (RSI),bc81549b-3fb6-443d-8446-cebccf7ada3b
Cloud Service Provider (CSP),2b0e1774-d4d8-471d-8923-0bf553675440
Regional System Integrator (RSI),2b0e1774-d4d8-471d-8923-0bf553675440
Cloud Service Provider (CSP),8918e718-42be-4b54-8d54-374c2a313b82
Regional System Integrator (RSI),8918e718-42be-4b54-8d54-374c2a313b82
Cloud Service Provider (CSP),b414da6a-6756-4372-8cbb-81342e618d78
Independent Software Vendor (ISV),b414da6a-6756-4372-8cbb-81342e618d78
Distributor,1fb98e2e-2a90-4e16-a0fc-ac69f90a376f
Regional System Integrator (RSI),1fb98e2e-2a90-4e16-a0fc-ac69f90a376f
Regional System Integrator (RSI),27b55936-82a6-49a1-b119-0368b3d00115
Regional System Integrator (RSI),bd29c2b1-06c5-460d-b24f-eb938a2e60fa
Independent Software Vendor (ISV),2ae25501-eb9b-457e-bc98-731eeaaeefa6
Regional System Integrator (RSI),2ae25501-eb9b-457e-bc98-731eeaaeefa6
Cloud Service Provider (CSP),4cc02baa-e6cd-4e5b-8192-6eed1d8c374d
Cloud Service Provider (CSP),ab14d80f-23c3-482a-9c89-9fd37feaf826
Regional System Integrator (RSI),21e61094-1ae9-4e6e-bdcf-5d49895abb75
Cloud Service Provider (CSP),21e61094-1ae9-4e6e-bdcf-5d49895abb75
Independent Software Vendor (ISV),21e61094-1ae9-4e6e-bdcf-5d49895abb75
Cloud Service Provider (CSP),1c47359c-3f1b-49e5-8a1a-2cb87875678f
Regional System Integrator (RSI),1c47359c-3f1b-49e5-8a1a-2cb87875678f
Regional System Integrator (RSI),2afbfe2c-331a-4881-bc2b-b5c9d325dbe7
-,940ad9bd-e1f3-4fd6-b219-c97e535601e5
Independent Software Vendor (ISV),e4de44c8-dcac-4604-886a-780595a559e0
Regional System Integrator (RSI),05787efb-5558-4560-8c37-a37d2612488b
Cloud Service Provider (CSP),05787efb-5558-4560-8c37-a37d2612488b
Independent Software Vendor (ISV),05787efb-5558-4560-8c37-a37d2612488b
Managed Service Provider (MSP),f3083c28-f852-4367-b794-aa2202f28a1d
Cloud Service Provider (CSP),f3083c28-f852-4367-b794-aa2202f28a1d
Regional System Integrator (RSI),f95c7daa-ea58-423e-a968-80262fc86a5e
Cloud Service Provider (CSP),f95c7daa-ea58-423e-a968-80262fc86a5e
Regional System Integrator (RSI),eee6e621-ad35-47a1-9591-3e846a8d88dd
Cloud Service Provider (CSP),eee6e621-ad35-47a1-9591-3e846a8d88dd
Cloud Service Provider (CSP),19cfdc3e-7eb6-414b-a584-88a9ae697fad
Independent Software Vendor (ISV),19cfdc3e-7eb6-414b-a584-88a9ae697fad
Regional System Integrator (RSI),bc0cabe4-3e98-4b4c-a032-43c41ec015fb
Cloud Service Provider (CSP),bc0cabe4-3e98-4b4c-a032-43c41ec015fb
Regional System Integrator (RSI),fc37a753-b77c-45f1-affd-1335439712be
-,9fc5dbc1-1c16-476b-9399-b174a9b8ead2
-,093380fd-c6f7-45b9-b86c-fd20c86b08e1
Regional System Integrator (RSI),b8bd0d27-0563-480f-9a75-7635209ff627
Cloud Service Provider (CSP),b8bd0d27-0563-480f-9a75-7635209ff627
Managed Service Provider (MSP),2bdee4f4-c157-4aa8-a958-0c098fb83914
Cloud Service Provider (CSP),2bdee4f4-c157-4aa8-a958-0c098fb83914
Regional System Integrator (RSI),2bdee4f4-c157-4aa8-a958-0c098fb83914
Managed Service Provider (MSP),7fe979db-c7c7-4491-ac3a-f8881eb8f6dd
Cloud Service Provider (CSP),7fe979db-c7c7-4491-ac3a-f8881eb8f6dd
Regional System Integrator (RSI),7fe979db-c7c7-4491-ac3a-f8881eb8f6dd
Regional System Integrator (RSI),c5054464-3e63-4a91-a958-5237de93dbd1
Cloud Service Provider (CSP),c5054464-3e63-4a91-a958-5237de93dbd1
Regional System Integrator (RSI),71166c65-4395-4b88-b42e-4501c6d4b79d
Cloud Service Provider (CSP),71166c65-4395-4b88-b42e-4501c6d4b79d
Regional System Integrator (RSI),9af683ab-c344-4303-87eb-ecc1620db3b9
Cloud Service Provider (CSP),9af683ab-c344-4303-87eb-ecc1620db3b9
-,08189b09-fae6-4857-a2f6-b62ed91c82bf
Independent Software Vendor (ISV),9cccde2a-3569-457b-8946-856289c1b1d1
Managed Service Provider (MSP),9cccde2a-3569-457b-8946-856289c1b1d1
Independent Software Vendor (ISV),e39457a6-c21c-4b8c-98c2-a619bfee80ce
Regional System Integrator (RSI),e39457a6-c21c-4b8c-98c2-a619bfee80ce
Cloud Service Provider (CSP),e39457a6-c21c-4b8c-98c2-a619bfee80ce
Managed Service Provider (MSP),e39457a6-c21c-4b8c-98c2-a619bfee80ce
Cloud Service Provider (CSP),ed8bfde6-49b7-4d72-80e8-2d55078c4b5b
Managed Service Provider (MSP),05037db5-a7b6-4ad3-91f1-1ebad80fc45c
Regional System Integrator (RSI),05037db5-a7b6-4ad3-91f1-1ebad80fc45c
Cloud Service Provider (CSP),05037db5-a7b6-4ad3-91f1-1ebad80fc45c
Regional System Integrator (RSI),02082a6c-8771-4e39-b211-96c3e7f8e7aa
Cloud Service Provider (CSP),02082a6c-8771-4e39-b211-96c3e7f8e7aa
Cloud Service Provider (CSP),d48939bc-947b-4461-b8fd-1b000ebf32c4
Regional System Integrator (RSI),d48939bc-947b-4461-b8fd-1b000ebf32c4
Regional System Integrator (RSI),e3fb5c1b-995f-4a07-af88-6622510590e8
Cloud Service Provider (CSP),e3fb5c1b-995f-4a07-af88-6622510590e8
Value Added Reseller (VAR),c8648697-09ae-406a-a786-c1240beb70a1
Managed Service Provider (MSP),c8648697-09ae-406a-a786-c1240beb70a1
Regional System Integrator (RSI),c8648697-09ae-406a-a786-c1240beb70a1
Cloud Service Provider (CSP),c8648697-09ae-406a-a786-c1240beb70a1
Cloud Service Provider (CSP),a1f2e717-15cf-4781-9cc5-c19ca4ba4cf7
Regional System Integrator (RSI),a1f2e717-15cf-4781-9cc5-c19ca4ba4cf7
Independent Software Vendor (ISV),a1f2e717-15cf-4781-9cc5-c19ca4ba4cf7
-,2026824a-50fa-4fac-86ec-2a2347cbb48a
Regional System Integrator (RSI),1a33e958-d172-46ab-8fa1-257e676eb68e
Regional System Integrator (RSI),dff932db-7a83-4abb-a63e-1d3a5dfc313b
Independent Software Vendor (ISV),dff932db-7a83-4abb-a63e-1d3a5dfc313b
Cloud Service Provider (CSP),8f330ffe-de75-4ef7-8bf3-7d33af176231
Managed Service Provider (MSP),8f330ffe-de75-4ef7-8bf3-7d33af176231
Regional System Integrator (RSI),8f330ffe-de75-4ef7-8bf3-7d33af176231
Direct Market Reseller (DMR),13554e0e-f1ac-47c7-bcb2-61a26eb031f5
Cloud Service Provider (CSP),13554e0e-f1ac-47c7-bcb2-61a26eb031f5
Independent Software Vendor (ISV),1f83748b-5137-451a-aa17-bf2d55f05d00
Cloud Service Provider (CSP),1f83748b-5137-451a-aa17-bf2d55f05d00
Cloud Service Provider (CSP),3035e3c3-a997-4413-941c-efffacf114a3
Regional System Integrator (RSI),3035e3c3-a997-4413-941c-efffacf114a3
Independent Software Vendor (ISV),63bed0c8-343a-42ba-bb60-c218c6ee8207
Regional System Integrator (RSI),63bed0c8-343a-42ba-bb60-c218c6ee8207
Cloud Service Provider (CSP),63bed0c8-343a-42ba-bb60-c218c6ee8207
Cloud Service Provider (CSP),f7bb15e8-79e1-4ace-9d0b-6de3e599395e
Regional System Integrator (RSI),4f18d368-4916-4955-8012-b4cfe1012684
Cloud Service Provider (CSP),4f18d368-4916-4955-8012-b4cfe1012684
Regional System Integrator (RSI),32f42f92-3609-400a-a435-1843a9af3df0
Cloud Service Provider (CSP),32f42f92-3609-400a-a435-1843a9af3df0
Independent Software Vendor (ISV),32f42f92-3609-400a-a435-1843a9af3df0
Managed Service Provider (MSP),32f42f92-3609-400a-a435-1843a9af3df0
Regional System Integrator (RSI),63584948-3fc0-4f34-ad0d-cf56ad043a48
Independent Software Vendor (ISV),63584948-3fc0-4f34-ad0d-cf56ad043a48
Direct Market Reseller (DMR),63584948-3fc0-4f34-ad0d-cf56ad043a48
Cloud Service Provider (CSP),63584948-3fc0-4f34-ad0d-cf56ad043a48
-,3612e46d-1573-4605-8bde-39f7e048d638
-,64a51afd-4f28-46d6-aded-0e1ff9b8ecc0
Value Added Reseller (VAR),52adc6dc-b232-4b27-b01c-53c61763a40b
Regional System Integrator (RSI),e9731b48-de7f-42f4-91e2-f3fe834f7c3b
Cloud Service Provider (CSP),50ccd430-169c-48ea-83ed-6c3490f3c490
Regional System Integrator (RSI),50ccd430-169c-48ea-83ed-6c3490f3c490
-,1491443f-34f8-4191-a7d7-f8db4c3932cf
Regional System Integrator (RSI),56d6a748-5d98-430e-a5a1-cd1bccf6dbc9
Cloud Service Provider (CSP),56d6a748-5d98-430e-a5a1-cd1bccf6dbc9
Independent Software Vendor (ISV),56d6a748-5d98-430e-a5a1-cd1bccf6dbc9
Cloud Service Provider (CSP),1b3a2b70-adb3-42d2-8d3c-79c6f1d2b4d6
Cloud Service Provider (CSP),65a0b7ca-6584-4424-9589-6ef6394179a7
Regional System Integrator (RSI),65a0b7ca-6584-4424-9589-6ef6394179a7
Regional System Integrator (RSI),dea5ec00-5f99-49ae-9713-927af604ea2f
Cloud Service Provider (CSP),dea5ec00-5f99-49ae-9713-927af604ea2f
Regional System Integrator (RSI),ab4763b9-0d5b-4b67-8693-186e4b7a9008
-,77ad6b8f-046b-47c2-8cfc-a93444a80685
Regional System Integrator (RSI),396f4f05-27f6-46a4-a084-29fb1e811385
Regional System Integrator (RSI),a1d8cb33-b200-4792-9a29-0430e2d59a04
Cloud Service Provider (CSP),706d84ce-0441-43ab-b150-8d2a4ae0cda6
Regional System Integrator (RSI),706d84ce-0441-43ab-b150-8d2a4ae0cda6
Cloud Service Provider (CSP),338ed983-8d73-4b08-8326-e2c13660f98e
Regional System Integrator (RSI),c95e9324-0be4-417f-aac9-9bcde022b21e
Cloud Service Provider (CSP),c95e9324-0be4-417f-aac9-9bcde022b21e
Cloud Service Provider (CSP),93d9da59-242e-4edc-b8d6-c1c7997e2e6f
Value Added Reseller (VAR),93d9da59-242e-4edc-b8d6-c1c7997e2e6f
Cloud Service Provider (CSP),be1993af-b4bb-4724-a10c-c8cb3fb4321c
Direct Market Reseller (DMR),be1993af-b4bb-4724-a10c-c8cb3fb4321c
Regional System Integrator (RSI),be1993af-b4bb-4724-a10c-c8cb3fb4321c
Regional System Integrator (RSI),9fc8c5ec-b4a7-4ff5-a912-60985fe9314c
Cloud Service Provider (CSP),9fc8c5ec-b4a7-4ff5-a912-60985fe9314c
Cloud Service Provider (CSP),68456f96-44b4-47ca-87d9-7eceb65e9080
Regional System Integrator (RSI),68456f96-44b4-47ca-87d9-7eceb65e9080
Regional System Integrator (RSI),38438059-3bba-473f-abb7-cebd57e62c9d
Distributor,4ab556b9-da1c-46de-8169-5433bdd03046
Cloud Service Provider (CSP),867da02a-1966-44fa-90d8-413802175247
Regional System Integrator (RSI),3291b02d-c562-4e76-8c30-e80b5fcd65ec
Cloud Service Provider (CSP),3291b02d-c562-4e76-8c30-e80b5fcd65ec
Regional System Integrator (RSI),aa975978-8100-4922-aa51-7f5dc20da905
Cloud Service Provider (CSP),aa975978-8100-4922-aa51-7f5dc20da905
Cloud Service Provider (CSP),04842973-c66c-4065-9582-215f344d4caa
Regional System Integrator (RSI),04842973-c66c-4065-9582-215f344d4caa
Regional System Integrator (RSI),ba506c04-8f05-46a3-8050-3d53408077e8
Cloud Service Provider (CSP),ba506c04-8f05-46a3-8050-3d53408077e8
Direct Market Reseller (DMR),ba506c04-8f05-46a3-8050-3d53408077e8
Independent Software Vendor (ISV),bd3333d2-987f-487a-9772-11397d3572ee
Managed Service Provider (MSP),a7c7b0e9-f7be-4942-8077-730e47f8b0dd
Value Added Reseller (VAR),a7c7b0e9-f7be-4942-8077-730e47f8b0dd
Cloud Service Provider (CSP),a7c7b0e9-f7be-4942-8077-730e47f8b0dd
Regional System Integrator (RSI),a7c7b0e9-f7be-4942-8077-730e47f8b0dd
Cloud Service Provider (CSP),efe98746-63ea-4c69-aa96-51eb77bdc468
Managed Service Provider (MSP),efe98746-63ea-4c69-aa96-51eb77bdc468
Cloud Service Provider (CSP),2c52f539-1bc6-4b9e-8eca-77bc380c5da1
Cloud Service Provider (CSP),3ef5be3c-60b0-482e-a1da-a95d6fb09d36
Regional System Integrator (RSI),3ef5be3c-60b0-482e-a1da-a95d6fb09d36
Cloud Service Provider (CSP),3635738d-4e4a-480c-9af4-fb378e13f1af
Regional System Integrator (RSI),3635738d-4e4a-480c-9af4-fb378e13f1af
Regional System Integrator (RSI),f788ec6a-6153-4c40-bb58-758c3568252c
Cloud Service Provider (CSP),f788ec6a-6153-4c40-bb58-758c3568252c
Cloud Service Provider (CSP),6ca9debe-c76c-4862-8fbb-fbaa494a6956
Regional System Integrator (RSI),6ca9debe-c76c-4862-8fbb-fbaa494a6956
Independent Software Vendor (ISV),74f385eb-d2f5-4407-8ca1-b3b2bbca8d66
Cloud Service Provider (CSP),74f385eb-d2f5-4407-8ca1-b3b2bbca8d66
Regional System Integrator (RSI),74f385eb-d2f5-4407-8ca1-b3b2bbca8d66
Regional System Integrator (RSI),99020770-e710-4283-b14a-cd5251d1094a
Cloud Service Provider (CSP),99020770-e710-4283-b14a-cd5251d1094a
Regional System Integrator (RSI),47de8d5c-de2a-45ae-bf28-df0374b5cf70
Direct Market Reseller (DMR),47de8d5c-de2a-45ae-bf28-df0374b5cf70
Cloud Service Provider (CSP),87b11f2b-4917-4e9a-b5e6-dec9be889a79
Regional System Integrator (RSI),87b11f2b-4917-4e9a-b5e6-dec9be889a79
Managed Service Provider (MSP),55128630-cc3f-42d7-b37a-49d750610a26
Regional System Integrator (RSI),55128630-cc3f-42d7-b37a-49d750610a26
Cloud Service Provider (CSP),55128630-cc3f-42d7-b37a-49d750610a26
Independent Software Vendor (ISV),fa303ad1-957c-4dcc-a331-8589634ba303
Cloud Service Provider (CSP),fa303ad1-957c-4dcc-a331-8589634ba303
Regional System Integrator (RSI),fa303ad1-957c-4dcc-a331-8589634ba303
Regional System Integrator (RSI),42ab7d9d-52f8-4bc6-8c4b-858de7977ba1
Regional System Integrator (RSI),67e995a1-8cb5-42c6-98b1-5a5dbce81d10
Cloud Service Provider (CSP),67e995a1-8cb5-42c6-98b1-5a5dbce81d10
Regional System Integrator (RSI),8052eb40-f0f9-40e5-b102-2b4f3c753b3c
Regional System Integrator (RSI),20af1612-3dda-4569-ac23-6081b415f189
Cloud Service Provider (CSP),20af1612-3dda-4569-ac23-6081b415f189
Managed Service Provider (MSP),67e8c2e9-8d01-4ef7-a69c-826cb132be6b
Regional System Integrator (RSI),67e8c2e9-8d01-4ef7-a69c-826cb132be6b
Cloud Service Provider (CSP),67e8c2e9-8d01-4ef7-a69c-826cb132be6b
Regional System Integrator (RSI),eda8a4e3-1b27-4314-bfd4-aceb28e9e351
Direct Market Reseller (DMR),eda8a4e3-1b27-4314-bfd4-aceb28e9e351
Regional System Integrator (RSI),9fe7aee8-6248-47d2-8e34-80f874bda8a1
Cloud Service Provider (CSP),9fe7aee8-6248-47d2-8e34-80f874bda8a1
Cloud Service Provider (CSP),78c070e8-3ce8-421a-8126-2eddb1f1bc5b
Regional System Integrator (RSI),78c070e8-3ce8-421a-8126-2eddb1f1bc5b
Independent Software Vendor (ISV),78c070e8-3ce8-421a-8126-2eddb1f1bc5b
Regional System Integrator (RSI),2c355ec4-4f6b-40dc-8a0e-144390c3521d
Cloud Service Provider (CSP),2c355ec4-4f6b-40dc-8a0e-144390c3521d
-,dc853e8f-a0b8-4bf5-bed1-a9cf281b76c5
Regional System Integrator (RSI),5443e6df-7c92-4d6d-bdab-30c87b4b7848
Regional System Integrator (RSI),3bb30f18-b00d-4190-bdb9-ea1095cba86c
Cloud Service Provider (CSP),3bb30f18-b00d-4190-bdb9-ea1095cba86c
Direct Market Reseller (DMR),530239b2-a494-4ae9-a1b8-15eb4bc5433f
Value Added Reseller (VAR),530239b2-a494-4ae9-a1b8-15eb4bc5433f
Cloud Service Provider (CSP),6c7b22af-943a-4b2f-8ecd-4458352d2baf
Regional System Integrator (RSI),6c7b22af-943a-4b2f-8ecd-4458352d2baf
-,c5f92d19-d241-408b-a2fc-2958b5d32051
Direct Market Reseller (DMR),edae4122-46a1-49b4-b1e8-743943359e73
-,a774b649-fb03-4888-9d3a-6356478e17fc
-,0a1fa90c-3754-4da4-9457-0904c79462a4
Cloud Service Provider (CSP),95ede799-a2a8-4776-a693-1fe9cf813bac
Cloud Service Provider (CSP),1479edd2-1b5e-4f8e-92b3-241da50cf6ff
Independent Software Vendor (ISV),1479edd2-1b5e-4f8e-92b3-241da50cf6ff
Independent Software Vendor (ISV),ed892805-237d-43b0-8807-afea658fdd7a
Cloud Service Provider (CSP),ed892805-237d-43b0-8807-afea658fdd7a
Cloud Service Provider (CSP),5afb3506-c07b-4326-a5e8-5b0def53ef53
Regional System Integrator (RSI),5afb3506-c07b-4326-a5e8-5b0def53ef53
Regional System Integrator (RSI),830ba127-911a-4674-a402-01b5edc9945c
Cloud Service Provider (CSP),8cb0e285-59aa-4fa0-8b1d-51386fbe0e5a
Value Added Reseller (VAR),d67d03cd-7666-4fde-a1dd-325595bf908b
Independent Software Vendor (ISV),d67d03cd-7666-4fde-a1dd-325595bf908b
Cloud Service Provider (CSP),5c620805-6b26-4431-9924-8455a45369d7
Regional System Integrator (RSI),5c620805-6b26-4431-9924-8455a45369d7
Independent Software Vendor (ISV),5c620805-6b26-4431-9924-8455a45369d7
Cloud Service Provider (CSP),32246119-daa1-472b-a7cc-a5093a38da3f
Regional System Integrator (RSI),32246119-daa1-472b-a7cc-a5093a38da3f
Cloud Service Provider (CSP),1a87fafe-c17d-4298-94db-510ddf0d1900
Independent Software Vendor (ISV),1a87fafe-c17d-4298-94db-510ddf0d1900
Cloud Service Provider (CSP),eb55a3ad-a9ca-453e-a681-a860099907df
Regional System Integrator (RSI),eb55a3ad-a9ca-453e-a681-a860099907df
Managed Service Provider (MSP),eb55a3ad-a9ca-453e-a681-a860099907df
Managed Service Provider (MSP),14c3445a-ad5d-4832-a749-92fffb23a220
Cloud Service Provider (CSP),14c3445a-ad5d-4832-a749-92fffb23a220
Regional System Integrator (RSI),14c3445a-ad5d-4832-a749-92fffb23a220
Regional System Integrator (RSI),9fcbe455-89ff-4f45-b46f-9a775496c381
Cloud Service Provider (CSP),f4747f88-98f1-4513-ad56-39e3150d0a7b
Regional System Integrator (RSI),f4747f88-98f1-4513-ad56-39e3150d0a7b
Regional System Integrator (RSI),65dac09a-f7b1-4713-b5ac-de573c959f24
Cloud Service Provider (CSP),65dac09a-f7b1-4713-b5ac-de573c959f24
Direct Market Reseller (DMR),9780c760-eb5e-4fbd-b022-ef7d725033ee
Cloud Service Provider (CSP),2c2d552c-d668-4353-9dbf-cfe8401f13fb
Cloud Service Provider (CSP),6652b358-a397-42bf-95fa-37519be2130b
Regional System Integrator (RSI),6652b358-a397-42bf-95fa-37519be2130b
Regional System Integrator (RSI),4390932c-ce7b-4dc8-8001-4d1e3f96e109
Cloud Service Provider (CSP),4390932c-ce7b-4dc8-8001-4d1e3f96e109
Cloud Service Provider (CSP),36f8b998-d076-4318-a9c0-77ba4da604fc
Regional System Integrator (RSI),36f8b998-d076-4318-a9c0-77ba4da604fc
Direct Market Reseller (DMR),36f8b998-d076-4318-a9c0-77ba4da604fc
Value Added Reseller (VAR),36f8b998-d076-4318-a9c0-77ba4da604fc
-,db46b09b-1235-4d2b-8328-158ef91d6797
Regional System Integrator (RSI),3f29b791-0056-4fd2-ac6d-aebb9295ffa6
Cloud Service Provider (CSP),3f29b791-0056-4fd2-ac6d-aebb9295ffa6
Value Added Reseller (VAR),3f29b791-0056-4fd2-ac6d-aebb9295ffa6
Managed Service Provider (MSP),3f29b791-0056-4fd2-ac6d-aebb9295ffa6
Regional System Integrator (RSI),76afb2e0-57ee-432b-b63f-47fea2de3e9e
Cloud Service Provider (CSP),76afb2e0-57ee-432b-b63f-47fea2de3e9e
Regional System Integrator (RSI),c609d811-405b-4fee-bcc3-34d06666ec20
Cloud Service Provider (CSP),c609d811-405b-4fee-bcc3-34d06666ec20
Independent Software Vendor (ISV),2409b847-90f1-497a-9925-bc1ee7be67a5
Cloud Service Provider (CSP),2409b847-90f1-497a-9925-bc1ee7be67a5
Cloud Service Provider (CSP),29954dc9-f489-4f42-9b21-8c99b765cce1
Managed Service Provider (MSP),ce01c7c2-a8f3-442b-9fae-25dcb7dff2bc
Cloud Service Provider (CSP),ce01c7c2-a8f3-442b-9fae-25dcb7dff2bc
Regional System Integrator (RSI),ce01c7c2-a8f3-442b-9fae-25dcb7dff2bc
Direct Market Reseller (DMR),ce01c7c2-a8f3-442b-9fae-25dcb7dff2bc
Regional System Integrator (RSI),a790b401-5453-4d96-ab3f-6a3dbe2b951c
Cloud Service Provider (CSP),a790b401-5453-4d96-ab3f-6a3dbe2b951c
Regional System Integrator (RSI),ccebdfa0-0637-454d-a0c6-2d3a22a9d06e
Cloud Service Provider (CSP),ccebdfa0-0637-454d-a0c6-2d3a22a9d06e
Independent Software Vendor (ISV),ccebdfa0-0637-454d-a0c6-2d3a22a9d06e
Independent Software Vendor (ISV),48e71de7-8430-4757-80b8-b5dc97857483
Cloud Service Provider (CSP),48e71de7-8430-4757-80b8-b5dc97857483
Cloud Service Provider (CSP),a481a14c-760d-4f3d-ab70-bc1e4368d830
Managed Service Provider (MSP),a481a14c-760d-4f3d-ab70-bc1e4368d830
Regional System Integrator (RSI),a481a14c-760d-4f3d-ab70-bc1e4368d830
Cloud Service Provider (CSP),ae62901d-1c8e-4bf3-859c-39a9df6d92ec
Regional System Integrator (RSI),ae62901d-1c8e-4bf3-859c-39a9df6d92ec
Regional System Integrator (RSI),d61a92bb-e720-4ab1-ae75-b3d2be3321fe
Cloud Service Provider (CSP),d61a92bb-e720-4ab1-ae75-b3d2be3321fe
Cloud Service Provider (CSP),1b5d986f-e30a-4996-bbaa-490ccc4022f6
Regional System Integrator (RSI),1b5d986f-e30a-4996-bbaa-490ccc4022f6
Managed Service Provider (MSP),1b5d986f-e30a-4996-bbaa-490ccc4022f6
Cloud Service Provider (CSP),a312bc72-da0a-4cf1-9a3f-0b41c270e543
Regional System Integrator (RSI),a312bc72-da0a-4cf1-9a3f-0b41c270e543
Managed Service Provider (MSP),53fd1aca-2fc5-4fc3-adf1-c7cb60f235aa
Cloud Service Provider (CSP),53fd1aca-2fc5-4fc3-adf1-c7cb60f235aa
Direct Market Reseller (DMR),53fd1aca-2fc5-4fc3-adf1-c7cb60f235aa
Value Added Reseller (VAR),53fd1aca-2fc5-4fc3-adf1-c7cb60f235aa
Regional System Integrator (RSI),53fd1aca-2fc5-4fc3-adf1-c7cb60f235aa
Independent Software Vendor (ISV),eac2de91-1c93-451e-9334-7ab43878c9a1
Cloud Service Provider (CSP),eac2de91-1c93-451e-9334-7ab43878c9a1
Regional System Integrator (RSI),eac2de91-1c93-451e-9334-7ab43878c9a1
Regional System Integrator (RSI),815c5bb8-800e-4886-8c19-8e65e04bb723
Cloud Service Provider (CSP),815c5bb8-800e-4886-8c19-8e65e04bb723
Cloud Service Provider (CSP),ca4b834e-0f64-4235-8430-cfb837519f49
Regional System Integrator (RSI),ca4b834e-0f64-4235-8430-cfb837519f49
Independent Software Vendor (ISV),ca4b834e-0f64-4235-8430-cfb837519f49
Regional System Integrator (RSI),72bde1c5-402c-4e92-84b7-f76588efe268
Regional System Integrator (RSI),9bd405e0-8999-4908-852e-d17abf2838a2
Cloud Service Provider (CSP),9bd405e0-8999-4908-852e-d17abf2838a2
Cloud Service Provider (CSP),dec002c7-311b-451c-ba12-048ef25b644d
Regional System Integrator (RSI),dec002c7-311b-451c-ba12-048ef25b644d
Regional System Integrator (RSI),13f319d5-9cc4-4d93-a27e-3973c3e18f59
Cloud Service Provider (CSP),13f319d5-9cc4-4d93-a27e-3973c3e18f59
Independent Software Vendor (ISV),084133e2-7453-4e8c-a629-719adf916bc2
Cloud Service Provider (CSP),084133e2-7453-4e8c-a629-719adf916bc2
Regional System Integrator (RSI),b285ffa7-7be3-4834-ad25-1fc3f001cdb1
Independent Software Vendor (ISV),264e77ba-1390-478d-b2a4-2cf4d12845fc
Regional System Integrator (RSI),264e77ba-1390-478d-b2a4-2cf4d12845fc
Direct Market Reseller (DMR),264e77ba-1390-478d-b2a4-2cf4d12845fc
Cloud Service Provider (CSP),264e77ba-1390-478d-b2a4-2cf4d12845fc
Regional System Integrator (RSI),d5abd2fe-b7ab-45f7-be8b-21ca27a1b90d
Independent Software Vendor (ISV),d5abd2fe-b7ab-45f7-be8b-21ca27a1b90d
Cloud Service Provider (CSP),d5abd2fe-b7ab-45f7-be8b-21ca27a1b90d
Cloud Service Provider (CSP),4bbc5f04-9670-45e2-82c2-eeb3f06d2bc7
Regional System Integrator (RSI),4bbc5f04-9670-45e2-82c2-eeb3f06d2bc7
Independent Software Vendor (ISV),4bbc5f04-9670-45e2-82c2-eeb3f06d2bc7
Regional System Integrator (RSI),c03f9542-6397-4f00-b205-4c799896d99e
Cloud Service Provider (CSP),c03f9542-6397-4f00-b205-4c799896d99e
Independent Software Vendor (ISV),c03f9542-6397-4f00-b205-4c799896d99e
Cloud Service Provider (CSP),e9f0e7be-e7ca-4795-8196-112bda19205c
Independent Software Vendor (ISV),e9f0e7be-e7ca-4795-8196-112bda19205c
Cloud Service Provider (CSP),ad5b8e48-820f-4043-b197-cb9ccda227e5
Regional System Integrator (RSI),ad5b8e48-820f-4043-b197-cb9ccda227e5
Managed Service Provider (MSP),ad5b8e48-820f-4043-b197-cb9ccda227e5
Cloud Service Provider (CSP),01a40b69-4327-476f-acde-30c29e77731e
Regional System Integrator (RSI),01a40b69-4327-476f-acde-30c29e77731e
Managed Service Provider (MSP),01a40b69-4327-476f-acde-30c29e77731e
Cloud Service Provider (CSP),9bbb0043-3f3d-4023-8be0-30ae5dfd44a1
Regional System Integrator (RSI),9bbb0043-3f3d-4023-8be0-30ae5dfd44a1
Independent Software Vendor (ISV),ff093900-fa5e-47e8-9b72-36e495585eab
Regional System Integrator (RSI),ff093900-fa5e-47e8-9b72-36e495585eab
Cloud Service Provider (CSP),ff093900-fa5e-47e8-9b72-36e495585eab
Regional System Integrator (RSI),c59f65b9-7a7e-43f7-9436-09cbaf4fc296
Cloud Service Provider (CSP),c59f65b9-7a7e-43f7-9436-09cbaf4fc296
-,7bb35b1b-c659-4682-a339-108bbc0948a7
Independent Software Vendor (ISV),a71388dd-6c72-48f0-bd85-d3fb5daf18db
Regional System Integrator (RSI),a71388dd-6c72-48f0-bd85-d3fb5daf18db
Cloud Service Provider (CSP),a71388dd-6c72-48f0-bd85-d3fb5daf18db
Cloud Service Provider (CSP),1d13673b-ef55-4a49-a3b9-27ae31bf6920
Regional System Integrator (RSI),1d13673b-ef55-4a49-a3b9-27ae31bf6920
Cloud Service Provider (CSP),c02f4d8a-4c0d-416d-878e-d73c00e45c1f
Regional System Integrator (RSI),f3bda80b-e8a9-4d79-9c63-99f218828d44
Cloud Service Provider (CSP),f3bda80b-e8a9-4d79-9c63-99f218828d44
Cloud Service Provider (CSP),68054353-8a07-4927-9c66-04664d4cf84e
Regional System Integrator (RSI),68054353-8a07-4927-9c66-04664d4cf84e
Independent Software Vendor (ISV),68054353-8a07-4927-9c66-04664d4cf84e
Independent Software Vendor (ISV),590a513c-4fe1-44d1-a63a-93de3bce9b57
Independent Software Vendor (ISV),4a4c2c81-07f9-48da-a342-ef4be4a07d35
Regional System Integrator (RSI),4a4c2c81-07f9-48da-a342-ef4be4a07d35
Regional System Integrator (RSI),3dea0167-384c-4e34-88de-c237f9dc60f3
Managed Service Provider (MSP),3dea0167-384c-4e34-88de-c237f9dc60f3
Cloud Service Provider (CSP),3dea0167-384c-4e34-88de-c237f9dc60f3
Cloud Service Provider (CSP),c520bbc2-41e4-4e0f-bbd6-77744ea508fb
Regional System Integrator (RSI),c520bbc2-41e4-4e0f-bbd6-77744ea508fb
Regional System Integrator (RSI),c8ec148f-8e36-476e-a396-8ab20e018a4f
Regional System Integrator (RSI),fcec2f41-aab2-4f4e-9026-309faed5f51d
Cloud Service Provider (CSP),fcec2f41-aab2-4f4e-9026-309faed5f51d
Independent Software Vendor (ISV),f480d2f2-353c-43b7-8139-cf29de659410
Regional System Integrator (RSI),dfce11cf-9c37-4901-a2dc-696ac3aaa406
Regional System Integrator (RSI),c3edffb0-fd2f-4ebf-b456-0369c7c042f2
Regional System Integrator (RSI),ed02a810-6897-4630-9683-a46ebb93d500
Cloud Service Provider (CSP),ed02a810-6897-4630-9683-a46ebb93d500
Regional System Integrator (RSI),5edd400a-3440-42d1-8fc1-08416766d357
Cloud Service Provider (CSP),5edd400a-3440-42d1-8fc1-08416766d357
-,453005d6-c8c9-4dc6-bed6-dc46c2b79f09
Independent Software Vendor (ISV),dc0ee828-326f-4f61-a1ca-9560d6b3c6ad
Independent Software Vendor (ISV),83b30253-ae03-4474-bbfa-e45cd0185299
Cloud Service Provider (CSP),83b30253-ae03-4474-bbfa-e45cd0185299
Regional System Integrator (RSI),83b30253-ae03-4474-bbfa-e45cd0185299
Regional System Integrator (RSI),48d6c9e1-3a08-4590-b795-78da431708a4
Cloud Service Provider (CSP),48d6c9e1-3a08-4590-b795-78da431708a4
Managed Service Provider (MSP),48d6c9e1-3a08-4590-b795-78da431708a4
Regional System Integrator (RSI),39cb2258-694f-4610-83d0-591bea34b790
Cloud Service Provider (CSP),39cb2258-694f-4610-83d0-591bea34b790
Managed Service Provider (MSP),39cb2258-694f-4610-83d0-591bea34b790
Cloud Service Provider (CSP),acb28b80-de93-49cd-a571-bcacb950920c
Value Added Reseller (VAR),acb28b80-de93-49cd-a571-bcacb950920c
Independent Software Vendor (ISV),927f1f0a-26f2-44f3-b8de-21ae1c6e3690
Cloud Service Provider (CSP),3545716c-096d-4766-b741-f40bfc7acc59
Managed Service Provider (MSP),3545716c-096d-4766-b741-f40bfc7acc59
Regional System Integrator (RSI),3545716c-096d-4766-b741-f40bfc7acc59
Independent Software Vendor (ISV),ffd8b12e-4091-40a1-a55f-e3ee4b5133d3
Cloud Service Provider (CSP),ffd8b12e-4091-40a1-a55f-e3ee4b5133d3
Regional System Integrator (RSI),ffd8b12e-4091-40a1-a55f-e3ee4b5133d3
Managed Service Provider (MSP),ffd8b12e-4091-40a1-a55f-e3ee4b5133d3
Cloud Service Provider (CSP),a2c37c13-e067-4323-94f0-8e66e876d333
Regional System Integrator (RSI),9ef5710f-f267-433e-b105-569dad9261b6
-,f628646d-6904-4409-998c-175e5c228d75
Managed Service Provider (MSP),4c717362-3039-4c78-9a0b-de90d5d5478d
Regional System Integrator (RSI),4c717362-3039-4c78-9a0b-de90d5d5478d
Cloud Service Provider (CSP),4c717362-3039-4c78-9a0b-de90d5d5478d
Regional System Integrator (RSI),c58c6307-994d-44e4-9517-0ab761d0a424
Cloud Service Provider (CSP),c58c6307-994d-44e4-9517-0ab761d0a424
Managed Service Provider (MSP),c58c6307-994d-44e4-9517-0ab761d0a424
Cloud Service Provider (CSP),67318afb-2f33-45a1-9ce9-fc20c69fbe69
Managed Service Provider (MSP),67318afb-2f33-45a1-9ce9-fc20c69fbe69
Regional System Integrator (RSI),67318afb-2f33-45a1-9ce9-fc20c69fbe69
Independent Software Vendor (ISV),67318afb-2f33-45a1-9ce9-fc20c69fbe69
Value Added Reseller (VAR),67318afb-2f33-45a1-9ce9-fc20c69fbe69
Cloud Service Provider (CSP),93c40ef2-9897-4d45-a059-ee5f61e34961
Regional System Integrator (RSI),93c40ef2-9897-4d45-a059-ee5f61e34961
Managed Service Provider (MSP),93c40ef2-9897-4d45-a059-ee5f61e34961
Direct Market Reseller (DMR),93c40ef2-9897-4d45-a059-ee5f61e34961
Value Added Reseller (VAR),93c40ef2-9897-4d45-a059-ee5f61e34961
Independent Software Vendor (ISV),93c40ef2-9897-4d45-a059-ee5f61e34961
Regional System Integrator (RSI),8b0f2eb6-dcd8-44ae-90b9-7d55e0aee8cd
Cloud Service Provider (CSP),4211d9d6-bee0-47fd-85a1-fbf9d78fa981
Managed Service Provider (MSP),4211d9d6-bee0-47fd-85a1-fbf9d78fa981
Regional System Integrator (RSI),4211d9d6-bee0-47fd-85a1-fbf9d78fa981
-,57b785d8-2ab1-4586-a70d-def8ffe44458
Cloud Service Provider (CSP),6a46b3be-8732-446a-b351-206c557e6f91
Regional System Integrator (RSI),6a46b3be-8732-446a-b351-206c557e6f91
Regional System Integrator (RSI),31e6a6b0-55e3-40c6-a1c8-74dd3950883d
Independent Software Vendor (ISV),ef8cd001-0d61-445c-81b0-50b2765d2a8d
Regional System Integrator (RSI),ef8cd001-0d61-445c-81b0-50b2765d2a8d
Cloud Service Provider (CSP),ef8cd001-0d61-445c-81b0-50b2765d2a8d
Regional System Integrator (RSI),941635b2-a372-4358-89b4-6700e75c8443
Cloud Service Provider (CSP),941635b2-a372-4358-89b4-6700e75c8443
Regional System Integrator (RSI),79e133ae-bb7b-46c3-948d-34401427c971
Independent Software Vendor (ISV),79e133ae-bb7b-46c3-948d-34401427c971
Cloud Service Provider (CSP),79e133ae-bb7b-46c3-948d-34401427c971
Cloud Service Provider (CSP),8287052b-477d-4999-a748-2f44222f3dff
Regional System Integrator (RSI),8287052b-477d-4999-a748-2f44222f3dff
Managed Service Provider (MSP),8287052b-477d-4999-a748-2f44222f3dff
Independent Software Vendor (ISV),05e2a9dd-0204-4d54-a473-c2a309b1f1ff
Cloud Service Provider (CSP),05e2a9dd-0204-4d54-a473-c2a309b1f1ff
Regional System Integrator (RSI),05e2a9dd-0204-4d54-a473-c2a309b1f1ff
-,990522f4-438c-4b2c-98e0-56e197e52a8b
Cloud Service Provider (CSP),fdf04d89-5a9c-49ee-b86b-97e4fb5de323
Regional System Integrator (RSI),fdf04d89-5a9c-49ee-b86b-97e4fb5de323
Independent Software Vendor (ISV),fdf04d89-5a9c-49ee-b86b-97e4fb5de323
Regional System Integrator (RSI),4917a5a1-788b-4d4f-8546-645bd454c1d5
Cloud Service Provider (CSP),4917a5a1-788b-4d4f-8546-645bd454c1d5
Independent Software Vendor (ISV),4917a5a1-788b-4d4f-8546-645bd454c1d5
Regional System Integrator (RSI),7da6c961-4ee5-49c2-adb2-1e8f804680a8
Cloud Service Provider (CSP),4d6f8735-5378-4bd4-aa4b-974fe30249de
Regional System Integrator (RSI),4d6f8735-5378-4bd4-aa4b-974fe30249de
Managed Service Provider (MSP),4d6f8735-5378-4bd4-aa4b-974fe30249de
Independent Software Vendor (ISV),e0972492-c990-4509-af95-f592cff44691
Regional System Integrator (RSI),de21f189-5b37-42cc-8151-7d4c3838b49d
Independent Software Vendor (ISV),de21f189-5b37-42cc-8151-7d4c3838b49d
Cloud Service Provider (CSP),de21f189-5b37-42cc-8151-7d4c3838b49d
Regional System Integrator (RSI),fd7a49a1-3354-47b8-bfcf-428ce605b034
Cloud Service Provider (CSP),fd7a49a1-3354-47b8-bfcf-428ce605b034
Cloud Service Provider (CSP),0efb258e-b553-45b1-b609-e647d026b855
Regional System Integrator (RSI),0efb258e-b553-45b1-b609-e647d026b855
Regional System Integrator (RSI),3c7ee40d-5cae-407e-bc1d-5262cef197f9
Independent Software Vendor (ISV),3c7ee40d-5cae-407e-bc1d-5262cef197f9
Cloud Service Provider (CSP),1f302ef9-36b1-4552-9316-c470f5a1b8c0
Independent Software Vendor (ISV),1f302ef9-36b1-4552-9316-c470f5a1b8c0
Regional System Integrator (RSI),1f302ef9-36b1-4552-9316-c470f5a1b8c0
Direct Market Reseller (DMR),00e6f20e-0fbb-41fd-818d-7d0e4deaee14
Regional System Integrator (RSI),00e6f20e-0fbb-41fd-818d-7d0e4deaee14
Cloud Service Provider (CSP),00e6f20e-0fbb-41fd-818d-7d0e4deaee14
Regional System Integrator (RSI),b488e50d-89d8-4f59-8495-2b23c845bcbd
Cloud Service Provider (CSP),b488e50d-89d8-4f59-8495-2b23c845bcbd
Managed Service Provider (MSP),a272e0a2-fa9d-49cb-893f-dc764de1ca83
Regional System Integrator (RSI),d4b1a756-4819-4370-a628-4857e8fe3026
Cloud Service Provider (CSP),d4b1a756-4819-4370-a628-4857e8fe3026
Managed Service Provider (MSP),8e947f1a-0312-4659-830b-0a4dc07af14c
Cloud Service Provider (CSP),8e947f1a-0312-4659-830b-0a4dc07af14c
Regional System Integrator (RSI),8e947f1a-0312-4659-830b-0a4dc07af14c
Independent Software Vendor (ISV),00be2d24-1266-4f3d-b898-6b7138ceb1fa
Cloud Service Provider (CSP),00be2d24-1266-4f3d-b898-6b7138ceb1fa
Regional System Integrator (RSI),00be2d24-1266-4f3d-b898-6b7138ceb1fa
Regional System Integrator (RSI),8afe99cf-a6be-437e-a793-8516c1f97ef8
Independent Software Vendor (ISV),8afe99cf-a6be-437e-a793-8516c1f97ef8
Cloud Service Provider (CSP),8afe99cf-a6be-437e-a793-8516c1f97ef8
Cloud Service Provider (CSP),b8d897bd-56dc-45ae-b950-64ae01e48590
Value Added Reseller (VAR),b8d897bd-56dc-45ae-b950-64ae01e48590
Independent Software Vendor (ISV),b8d897bd-56dc-45ae-b950-64ae01e48590
Regional System Integrator (RSI),5046122b-a6c1-48d1-8ae1-c2448ab1d40e
Cloud Service Provider (CSP),5046122b-a6c1-48d1-8ae1-c2448ab1d40e
Independent Software Vendor (ISV),76ee8466-e12b-40ea-aae2-7432d0ee9cb0
Cloud Service Provider (CSP),76ee8466-e12b-40ea-aae2-7432d0ee9cb0
Regional System Integrator (RSI),6f8a3f29-e9da-4fcf-8fd3-8effae2c8858
Regional System Integrator (RSI),20f8b23a-29ff-460f-9b9f-70fd76aa84a6
Cloud Service Provider (CSP),20f8b23a-29ff-460f-9b9f-70fd76aa84a6
Managed Service Provider (MSP),2879cfea-d1b1-4000-83e5-805e327ccc82
Direct Market Reseller (DMR),2879cfea-d1b1-4000-83e5-805e327ccc82
Cloud Service Provider (CSP),2879cfea-d1b1-4000-83e5-805e327ccc82
Regional System Integrator (RSI),2879cfea-d1b1-4000-83e5-805e327ccc82
Cloud Service Provider (CSP),78a63f0b-be52-4095-b7da-ef8588250f1f
Regional System Integrator (RSI),78a63f0b-be52-4095-b7da-ef8588250f1f
Independent Software Vendor (ISV),d4192b7e-93ca-42ef-bd57-960bc4bb12d7
Regional System Integrator (RSI),d4192b7e-93ca-42ef-bd57-960bc4bb12d7
Cloud Service Provider (CSP),d4192b7e-93ca-42ef-bd57-960bc4bb12d7
Cloud Service Provider (CSP),882af28e-8f24-441b-a9f4-71e27aa73003
Managed Service Provider (MSP),882af28e-8f24-441b-a9f4-71e27aa73003
Regional System Integrator (RSI),882af28e-8f24-441b-a9f4-71e27aa73003
Regional System Integrator (RSI),c4099915-f83a-4270-964c-eb07507a0bb1
Regional System Integrator (RSI),5174b36f-b6c4-491e-b820-a001e8307f8d
Direct Market Reseller (DMR),5174b36f-b6c4-491e-b820-a001e8307f8d
Cloud Service Provider (CSP),5174b36f-b6c4-491e-b820-a001e8307f8d
Regional System Integrator (RSI),30938f3d-912b-481b-9054-0c3584bf578c
Cloud Service Provider (CSP),6a4648e7-1fb3-4a81-8730-91d791cce7f6
Cloud Service Provider (CSP),b24211e9-5d73-400b-8360-4c5927720ae3
Regional System Integrator (RSI),b24211e9-5d73-400b-8360-4c5927720ae3
Regional System Integrator (RSI),797ea4fb-740e-4995-9b0e-0636188d62ff
Regional System Integrator (RSI),22d458b3-69bd-4511-9d06-e8a5f7492e4a
Regional System Integrator (RSI),9facb0dd-ed48-4972-84b2-be762fa27956
Cloud Service Provider (CSP),8f8446cb-8873-4984-8814-3741fe241ad0
Independent Software Vendor (ISV),8f8446cb-8873-4984-8814-3741fe241ad0
Regional System Integrator (RSI),8f8446cb-8873-4984-8814-3741fe241ad0
Regional System Integrator (RSI),0b7d91df-4b16-4ba3-8641-dd7776411c72
Regional System Integrator (RSI),0c924d86-93c7-4822-aa14-9ede8cbe446c
Managed Service Provider (MSP),0c924d86-93c7-4822-aa14-9ede8cbe446c
Cloud Service Provider (CSP),0c924d86-93c7-4822-aa14-9ede8cbe446c
Cloud Service Provider (CSP),b92d2b61-aa11-4287-81cd-af9a157063b2
Regional System Integrator (RSI),b92d2b61-aa11-4287-81cd-af9a157063b2
Direct Market Reseller (DMR),0472586e-2e3a-4837-8d7a-cd1117960cbb
Cloud Service Provider (CSP),0472586e-2e3a-4837-8d7a-cd1117960cbb
Regional System Integrator (RSI),0472586e-2e3a-4837-8d7a-cd1117960cbb
Managed Service Provider (MSP),0472586e-2e3a-4837-8d7a-cd1117960cbb
Managed Service Provider (MSP),4cbacf79-e3cf-46fc-ac93-edac2e99066f
Cloud Service Provider (CSP),4cbacf79-e3cf-46fc-ac93-edac2e99066f
Regional System Integrator (RSI),4cbacf79-e3cf-46fc-ac93-edac2e99066f
Direct Market Reseller (DMR),4cbacf79-e3cf-46fc-ac93-edac2e99066f
Independent Software Vendor (ISV),4cbacf79-e3cf-46fc-ac93-edac2e99066f
Cloud Service Provider (CSP),633d1641-15b9-4e52-be79-93bfb6ca2a60
Independent Software Vendor (ISV),1abe113d-2443-4b37-bf98-a5da0c833ca3
Cloud Service Provider (CSP),1abe113d-2443-4b37-bf98-a5da0c833ca3
Regional System Integrator (RSI),1abe113d-2443-4b37-bf98-a5da0c833ca3
Value Added Reseller (VAR),a6755b80-7586-4dce-a407-8823355a226d
Regional System Integrator (RSI),a6755b80-7586-4dce-a407-8823355a226d
Cloud Service Provider (CSP),a6755b80-7586-4dce-a407-8823355a226d
Managed Service Provider (MSP),a6755b80-7586-4dce-a407-8823355a226d
Cloud Service Provider (CSP),ad8077bd-00d7-4be4-8dd7-ac492413769a
Cloud Service Provider (CSP),76a32923-1907-4501-858a-068be117ca7e
Managed Service Provider (MSP),76a32923-1907-4501-858a-068be117ca7e
Regional System Integrator (RSI),76a32923-1907-4501-858a-068be117ca7e
Cloud Service Provider (CSP),05b67c17-6321-43a1-b51c-24300e5c4da0
Managed Service Provider (MSP),05b67c17-6321-43a1-b51c-24300e5c4da0
Managed Service Provider (MSP),8b5958ed-5588-42cd-94ff-1b1342812402
Direct Market Reseller (DMR),8b5958ed-5588-42cd-94ff-1b1342812402
Cloud Service Provider (CSP),8b5958ed-5588-42cd-94ff-1b1342812402
Regional System Integrator (RSI),8b5958ed-5588-42cd-94ff-1b1342812402
Regional System Integrator (RSI),e8600c0c-b986-4207-aad3-d85b34e59f0a
Cloud Service Provider (CSP),e8600c0c-b986-4207-aad3-d85b34e59f0a
Independent Software Vendor (ISV),e346daf0-2abb-4d1c-b5dc-944388fc2943
Cloud Service Provider (CSP),e346daf0-2abb-4d1c-b5dc-944388fc2943
Regional System Integrator (RSI),e346daf0-2abb-4d1c-b5dc-944388fc2943
Cloud Service Provider (CSP),6f966d3f-6e6e-412d-bfba-1f00093193e2
Direct Market Reseller (DMR),475c4235-6db9-498d-afd9-1596574c79f2
Cloud Service Provider (CSP),475c4235-6db9-498d-afd9-1596574c79f2
Regional System Integrator (RSI),475c4235-6db9-498d-afd9-1596574c79f2
Independent Software Vendor (ISV),83c235b7-e3c9-4d63-b7fe-d5a78a9dbbb0
Cloud Service Provider (CSP),83c235b7-e3c9-4d63-b7fe-d5a78a9dbbb0
Regional System Integrator (RSI),92eec7a7-5e2f-4405-8290-b433e80358de
Cloud Service Provider (CSP),92eec7a7-5e2f-4405-8290-b433e80358de
Independent Software Vendor (ISV),92eec7a7-5e2f-4405-8290-b433e80358de
-,6f3ce3ef-96b4-4fdc-a592-8d531ce7df1e
Direct Market Reseller (DMR),e2ba4866-9b79-462e-a8e1-ae2d0186ccc8
Cloud Service Provider (CSP),e2ba4866-9b79-462e-a8e1-ae2d0186ccc8
Value Added Reseller (VAR),e2ba4866-9b79-462e-a8e1-ae2d0186ccc8
Independent Software Vendor (ISV),8f77cfcd-47ad-447e-88f8-7df38d1a5743
Cloud Service Provider (CSP),8f77cfcd-47ad-447e-88f8-7df38d1a5743
Cloud Service Provider (CSP),189d3486-50ef-43a2-82d3-b6272fbb2945
Regional System Integrator (RSI),a7b07b0a-9e7f-4c90-8912-70eef9641ebd
Cloud Service Provider (CSP),2586a11b-99e1-46fb-ad97-4229cf49db85
Regional System Integrator (RSI),2586a11b-99e1-46fb-ad97-4229cf49db85
Cloud Service Provider (CSP),7b600e70-4d08-454c-a7be-07071b48a64c
Regional System Integrator (RSI),7b600e70-4d08-454c-a7be-07071b48a64c
Independent Software Vendor (ISV),dc4affae-55b9-4e8d-bff3-83fbb8a22bb9
Regional System Integrator (RSI),dc4affae-55b9-4e8d-bff3-83fbb8a22bb9
Cloud Service Provider (CSP),ccb7f013-d49c-4889-b395-b38ebaf57c10
Regional System Integrator (RSI),ae2f2ad0-2b67-4a79-af51-9ec81ce3ea5c
Regional System Integrator (RSI),c6ea7acd-7c1a-4feb-83f6-6a15c82b3326
Cloud Service Provider (CSP),c6ea7acd-7c1a-4feb-83f6-6a15c82b3326
Cloud Service Provider (CSP),6f1edb05-6e78-4758-a21a-0337784928ad
Regional System Integrator (RSI),6f1edb05-6e78-4758-a21a-0337784928ad
Cloud Service Provider (CSP),ad36b133-8fd5-4715-9396-4c65ff38ab71
Regional System Integrator (RSI),ad36b133-8fd5-4715-9396-4c65ff38ab71
Regional System Integrator (RSI),11dfbf01-5315-4487-bc13-2182759dd489
Cloud Service Provider (CSP),11dfbf01-5315-4487-bc13-2182759dd489
Managed Service Provider (MSP),11536bef-d5ae-4c6d-8ee2-8124795e1f6d
Cloud Service Provider (CSP),82492e2d-751c-427d-8b0f-563fd0101c0e
Regional System Integrator (RSI),2186ed7e-d2e5-4875-a867-370813518589
Cloud Service Provider (CSP),2186ed7e-d2e5-4875-a867-370813518589
Independent Software Vendor (ISV),2186ed7e-d2e5-4875-a867-370813518589
Regional System Integrator (RSI),7e56e1d5-fa42-44c4-926a-ebad12abb830
Independent Software Vendor (ISV),7e56e1d5-fa42-44c4-926a-ebad12abb830
Cloud Service Provider (CSP),7e56e1d5-fa42-44c4-926a-ebad12abb830
Direct Market Reseller (DMR),91cfd967-30e9-4ce5-aa9a-ab3ad17eb62e
Value Added Reseller (VAR),91cfd967-30e9-4ce5-aa9a-ab3ad17eb62e
Independent Software Vendor (ISV),91cfd967-30e9-4ce5-aa9a-ab3ad17eb62e
Regional System Integrator (RSI),bac1057f-745a-4541-a775-4443f21cb956
Regional System Integrator (RSI),36e14cbc-fe45-49cf-897e-4c4e64b1a36a
Independent Software Vendor (ISV),36e14cbc-fe45-49cf-897e-4c4e64b1a36a
Cloud Service Provider (CSP),f0307acc-f8cb-459e-a4eb-f78648c94df2
Independent Software Vendor (ISV),6df239b2-24fb-4986-8d68-2ed8fc8e791e
Cloud Service Provider (CSP),405c7027-c37b-48c9-ab33-76b3eaffe5d4
Regional System Integrator (RSI),405c7027-c37b-48c9-ab33-76b3eaffe5d4
Cloud Service Provider (CSP),2a5453a1-11d2-441d-b366-d6ea3f92f50c
Regional System Integrator (RSI),2a5453a1-11d2-441d-b366-d6ea3f92f50c
Regional System Integrator (RSI),807e3968-be29-4f1c-9454-0dd68a76fcdb
Cloud Service Provider (CSP),807e3968-be29-4f1c-9454-0dd68a76fcdb
Cloud Service Provider (CSP),a28906d0-c2b1-4b27-a708-0109d4a7e9cb
Cloud Service Provider (CSP),0812038e-b0de-4097-b861-3bf029efd416
Regional System Integrator (RSI),0812038e-b0de-4097-b861-3bf029efd416
Cloud Service Provider (CSP),7bf4dc50-4c39-4388-84e7-9a530e122ca1
Managed Service Provider (MSP),07e1a337-8f67-4fa7-b7ba-d9cfe6a10387
Regional System Integrator (RSI),07e1a337-8f67-4fa7-b7ba-d9cfe6a10387
Cloud Service Provider (CSP),07e1a337-8f67-4fa7-b7ba-d9cfe6a10387
Managed Service Provider (MSP),cb53aa94-a47b-492a-98e3-d28cb5c68215
Cloud Service Provider (CSP),cb53aa94-a47b-492a-98e3-d28cb5c68215
Cloud Service Provider (CSP),cbd61e86-abb0-4ff5-a59c-30c9f82bf926
Regional System Integrator (RSI),cbd61e86-abb0-4ff5-a59c-30c9f82bf926
-,a30c66d0-b497-4916-828c-6a458bb5ae64
Cloud Service Provider (CSP),99b5fca7-28cf-481c-b78c-e02c5bd2dc59
Regional System Integrator (RSI),99b5fca7-28cf-481c-b78c-e02c5bd2dc59
Independent Software Vendor (ISV),99b5fca7-28cf-481c-b78c-e02c5bd2dc59
Cloud Service Provider (CSP),7e4b723d-f541-4df4-a0e5-6ec5b521ecbb
Regional System Integrator (RSI),7e4b723d-f541-4df4-a0e5-6ec5b521ecbb
Managed Service Provider (MSP),7e4b723d-f541-4df4-a0e5-6ec5b521ecbb
Regional System Integrator (RSI),178aef75-b744-44a7-9636-846034edd2d0
Cloud Service Provider (CSP),178aef75-b744-44a7-9636-846034edd2d0
-,df379980-20cf-4ff6-9ffe-285580e923d7
Independent Software Vendor (ISV),c0a32c93-f140-4635-9970-c2ec203e6056
Cloud Service Provider (CSP),c0a32c93-f140-4635-9970-c2ec203e6056
Regional System Integrator (RSI),e70426d7-8e7e-4611-8839-56a46a9402fc
Regional System Integrator (RSI),fc6582cf-141d-485d-8efd-2c5b69e5a71c
Cloud Service Provider (CSP),fc6582cf-141d-485d-8efd-2c5b69e5a71c
-,c851f4e2-dfe8-4b9b-9e00-9a9ad9e1301f
-,73c015eb-8500-464e-a497-4a7b2e786852
Regional System Integrator (RSI),f2944bcc-bd7f-4fc5-b2cf-f9414df32d71
Cloud Service Provider (CSP),f2944bcc-bd7f-4fc5-b2cf-f9414df32d71
Cloud Service Provider (CSP),d200d020-b31d-489c-98bd-c2240889ac52
Regional System Integrator (RSI),0656b76d-2c3e-4d9f-9eeb-91185425e92e
Independent Software Vendor (ISV),827c2863-2db6-43f6-90cb-3c11ac73ac16
Regional System Integrator (RSI),827c2863-2db6-43f6-90cb-3c11ac73ac16
Cloud Service Provider (CSP),827c2863-2db6-43f6-90cb-3c11ac73ac16
Regional System Integrator (RSI),ca364b2b-63d3-4f1b-8d88-1ae7bab380a4
Regional System Integrator (RSI),b6071050-9984-474d-829a-c6e9031ea40d
Cloud Service Provider (CSP),a484440d-0625-48e5-ba2f-6752c135bcdf
Cloud Service Provider (CSP),ff411138-c0f0-442c-a5ff-bef46022826d
-,a6b6c4c2-6b6c-42e0-9cf0-0d43cebeb319
Regional System Integrator (RSI),3e3b6211-5bdf-4fd3-8765-0798693d7361
Independent Software Vendor (ISV),3e3b6211-5bdf-4fd3-8765-0798693d7361
Managed Service Provider (MSP),89aa59f7-c95d-4f46-b1f0-4870d108ec19
Direct Market Reseller (DMR),89aa59f7-c95d-4f46-b1f0-4870d108ec19
Cloud Service Provider (CSP),89aa59f7-c95d-4f46-b1f0-4870d108ec19
Regional System Integrator (RSI),89aa59f7-c95d-4f46-b1f0-4870d108ec19
Cloud Service Provider (CSP),1a44a4ee-2fd8-4ad5-b8d7-bf922312f18d
Regional System Integrator (RSI),1a44a4ee-2fd8-4ad5-b8d7-bf922312f18d
Direct Market Reseller (DMR),1a44a4ee-2fd8-4ad5-b8d7-bf922312f18d
-,52514750-8467-42b9-b4e7-45fba4e03aae
Regional System Integrator (RSI),90704e35-3689-4d48-a456-5b677d69ccb1
Managed Service Provider (MSP),90704e35-3689-4d48-a456-5b677d69ccb1
Cloud Service Provider (CSP),90704e35-3689-4d48-a456-5b677d69ccb1
Cloud Service Provider (CSP),7da88a81-02c3-43e8-bd3c-1419bffcdc2c
Direct Market Reseller (DMR),7da88a81-02c3-43e8-bd3c-1419bffcdc2c
Regional System Integrator (RSI),c80efe2a-5e40-463f-af9b-90e6a13d6e1c
Cloud Service Provider (CSP),99afc0fc-d83d-4212-a1ec-a7729c9dde61
Managed Service Provider (MSP),99afc0fc-d83d-4212-a1ec-a7729c9dde61
Regional System Integrator (RSI),99afc0fc-d83d-4212-a1ec-a7729c9dde61
Independent Software Vendor (ISV),87f6499b-f4b3-4eca-a529-c35595d2fd91
Cloud Service Provider (CSP),87f6499b-f4b3-4eca-a529-c35595d2fd91
Regional System Integrator (RSI),87f6499b-f4b3-4eca-a529-c35595d2fd91
Cloud Service Provider (CSP),cf7cfb0c-e346-4d68-be49-04665074116b
Regional System Integrator (RSI),cf7cfb0c-e346-4d68-be49-04665074116b
Independent Software Vendor (ISV),a759d99f-1f05-4ed1-bc40-e40cc884641e
Cloud Service Provider (CSP),c605de48-8a9e-42ff-8d39-e58268a02db9
Regional System Integrator (RSI),c605de48-8a9e-42ff-8d39-e58268a02db9
Regional System Integrator (RSI),535e4824-812b-4086-8600-e586a8a7718e
Cloud Service Provider (CSP),535e4824-812b-4086-8600-e586a8a7718e
Value Added Reseller (VAR),cd8dd4d9-0da1-44d9-a88e-717f4ec8c8bb
Regional System Integrator (RSI),cd8dd4d9-0da1-44d9-a88e-717f4ec8c8bb
Cloud Service Provider (CSP),cd8dd4d9-0da1-44d9-a88e-717f4ec8c8bb
Managed Service Provider (MSP),cd8dd4d9-0da1-44d9-a88e-717f4ec8c8bb
-,3b2fbc33-4ec1-4bd8-b5db-76ab5d4d08f2
Regional System Integrator (RSI),c371a0f8-5432-450e-9dcf-9d1a33928e44
-,f4327794-ea2b-4d0c-b5bf-56da3817d5af
Independent Software Vendor (ISV),66c8c015-07f3-4b40-807d-267d45f3cef4
Cloud Service Provider (CSP),66c8c015-07f3-4b40-807d-267d45f3cef4
Independent Software Vendor (ISV),c0b89cc8-e65c-4673-bc33-e779f1728d4e
Regional System Integrator (RSI),9e0d030b-d7f3-4162-965d-9a46ef63c786
Cloud Service Provider (CSP),5bd69fb7-944d-4f75-9c62-5405464def5a
Independent Software Vendor (ISV),5bd69fb7-944d-4f75-9c62-5405464def5a
Independent Software Vendor (ISV),ebe99cd8-97bb-4686-8fcd-4b44a771b5ff
Regional System Integrator (RSI),ebe99cd8-97bb-4686-8fcd-4b44a771b5ff
Independent Software Vendor (ISV),d340fa84-ed68-4a4f-8982-96c30c46075c
Direct Market Reseller (DMR),d340fa84-ed68-4a4f-8982-96c30c46075c
Managed Service Provider (MSP),aae7eca1-78f0-41bd-81d2-8124e7cf0232
Regional System Integrator (RSI),e392840f-930f-4ab9-a6c5-469e9c66663f
Cloud Service Provider (CSP),e392840f-930f-4ab9-a6c5-469e9c66663f
Independent Software Vendor (ISV),e392840f-930f-4ab9-a6c5-469e9c66663f
Managed Service Provider (MSP),0fafeaaa-ef48-4d99-8455-7ce3bdfbf929
Value Added Reseller (VAR),ae7f8ebf-7568-4bcf-83ae-fa81cd8b500c
Regional System Integrator (RSI),ae7f8ebf-7568-4bcf-83ae-fa81cd8b500c
Managed Service Provider (MSP),ae7f8ebf-7568-4bcf-83ae-fa81cd8b500c
Cloud Service Provider (CSP),ae7f8ebf-7568-4bcf-83ae-fa81cd8b500c
Managed Service Provider (MSP),593273b6-70c7-4665-be16-2be15a7646a0
Cloud Service Provider (CSP),9228fa3a-df9f-4e18-b3e0-e245e0d00678
Regional System Integrator (RSI),4e53dede-6793-4321-b953-8e49b27e78ac
Cloud Service Provider (CSP),4e53dede-6793-4321-b953-8e49b27e78ac
Regional System Integrator (RSI),8c692124-77e2-46ec-a72c-5e6824119bb0
Regional System Integrator (RSI),0f056241-99bb-4ea6-bfbb-d074c3d30d4c
Cloud Service Provider (CSP),0f056241-99bb-4ea6-bfbb-d074c3d30d4c
-,8fd4e051-808b-4724-8771-56cd54ef9d45
Regional System Integrator (RSI),46a9bac8-6d76-4a7a-ad03-5d8e0d76c019
Cloud Service Provider (CSP),dfddc8e2-53a2-416c-8820-0c3b7049dd18
Regional System Integrator (RSI),dfddc8e2-53a2-416c-8820-0c3b7049dd18
Managed Service Provider (MSP),dfddc8e2-53a2-416c-8820-0c3b7049dd18
Cloud Service Provider (CSP),eecfd82f-20bd-4c3b-94c9-91c4e66f26c3
Regional System Integrator (RSI),eecfd82f-20bd-4c3b-94c9-91c4e66f26c3
Independent Software Vendor (ISV),47f2f101-a1ae-4a26-b1d6-5103b7c56eb9
Regional System Integrator (RSI),47f2f101-a1ae-4a26-b1d6-5103b7c56eb9
Cloud Service Provider (CSP),47f2f101-a1ae-4a26-b1d6-5103b7c56eb9
Managed Service Provider (MSP),47f2f101-a1ae-4a26-b1d6-5103b7c56eb9
Cloud Service Provider (CSP),ad983643-25bb-4c4d-abc8-d2b3d7e7725a
Regional System Integrator (RSI),ad983643-25bb-4c4d-abc8-d2b3d7e7725a
Managed Service Provider (MSP),ad983643-25bb-4c4d-abc8-d2b3d7e7725a
Cloud Service Provider (CSP),ac11d186-c540-41dd-8754-edc818527360
Regional System Integrator (RSI),ac11d186-c540-41dd-8754-edc818527360
-,d9772d78-bd89-4986-9bf8-75e29dda80d9
Direct Market Reseller (DMR),8245b284-5cc1-439b-8aca-def9e56001c7
Value Added Reseller (VAR),8245b284-5cc1-439b-8aca-def9e56001c7
Regional System Integrator (RSI),31f88f34-d1e6-4fe5-9bbb-579fc44f900f
-,d8835ed3-a0d6-4314-98eb-d6bb954cdcbe
Regional System Integrator (RSI),87cc706d-4531-4143-935e-34c08acc74a2
Cloud Service Provider (CSP),87cc706d-4531-4143-935e-34c08acc74a2
Regional System Integrator (RSI),fce02d6f-275d-4965-a663-4de16ca12e2f
Direct Market Reseller (DMR),6133bdd8-52fc-4a16-90e9-9d6a80666795
Value Added Reseller (VAR),6133bdd8-52fc-4a16-90e9-9d6a80666795
Regional System Integrator (RSI),f63b701f-0670-4aa0-adda-f0a10f9b10b4
Cloud Service Provider (CSP),5bc8800c-1288-4d62-939a-1d27424bb03a
-,71eceb3c-017e-4fcd-bd26-26a586b1b1f7
Managed Service Provider (MSP),924783dc-87f6-4be5-8b18-d784ff0582e3
Cloud Service Provider (CSP),924783dc-87f6-4be5-8b18-d784ff0582e3
Independent Software Vendor (ISV),6a7f1f8e-d974-40e9-b5f1-ca8c01e6d562
Regional System Integrator (RSI),6a7f1f8e-d974-40e9-b5f1-ca8c01e6d562
Managed Service Provider (MSP),6a7f1f8e-d974-40e9-b5f1-ca8c01e6d562
Direct Market Reseller (DMR),6a7f1f8e-d974-40e9-b5f1-ca8c01e6d562
Cloud Service Provider (CSP),6a7f1f8e-d974-40e9-b5f1-ca8c01e6d562
Independent Software Vendor (ISV),0bce757e-4d66-4d30-919e-8a6f215acd5a
Cloud Service Provider (CSP),b83a2925-4827-41da-bca2-9e5778c56d61
Regional System Integrator (RSI),b83a2925-4827-41da-bca2-9e5778c56d61
Cloud Service Provider (CSP),8c01e5e4-12ee-41fa-b307-3dd0d1df7683
Regional System Integrator (RSI),8c01e5e4-12ee-41fa-b307-3dd0d1df7683
Regional System Integrator (RSI),25a1d40b-387e-4c7b-bb4c-39e31e629fa6
Independent Software Vendor (ISV),25a1d40b-387e-4c7b-bb4c-39e31e629fa6
Cloud Service Provider (CSP),25a1d40b-387e-4c7b-bb4c-39e31e629fa6
-,1743f519-4a00-49d3-94ec-7f7e0bfab950
-,bd0bddfa-ef2c-4d38-b4de-a02f5b8907b9
Cloud Service Provider (CSP),7c22e8da-0c18-4e64-a512-041ee37fc82a
Regional System Integrator (RSI),18c6f970-e740-4e41-a975-a21db201a601
Cloud Service Provider (CSP),18c6f970-e740-4e41-a975-a21db201a601
Managed Service Provider (MSP),18c6f970-e740-4e41-a975-a21db201a601
Value Added Reseller (VAR),18c6f970-e740-4e41-a975-a21db201a601
Cloud Service Provider (CSP),d0aac26f-826f-455c-9537-2c870bfc2f87
Cloud Service Provider (CSP),e41330f5-ddeb-4527-90f1-1fb9f61bdb46
Cloud Service Provider (CSP),6808e82e-d2dc-4895-808c-3bb65fe609b7
Managed Service Provider (MSP),296578f5-8177-4200-96c4-7d7a785f5fad
Cloud Service Provider (CSP),296578f5-8177-4200-96c4-7d7a785f5fad
Cloud Service Provider (CSP),5e110f44-6c31-4549-a8a9-fb51d70ff6ca
Regional System Integrator (RSI),5e110f44-6c31-4549-a8a9-fb51d70ff6ca
Cloud Service Provider (CSP),1576793d-e99b-4895-9ea1-92cf2c62e51c
Regional System Integrator (RSI),1576793d-e99b-4895-9ea1-92cf2c62e51c
Managed Service Provider (MSP),06e049f7-aef1-4616-a47c-3bf733f15b63
Cloud Service Provider (CSP),06e049f7-aef1-4616-a47c-3bf733f15b63
Regional System Integrator (RSI),06e049f7-aef1-4616-a47c-3bf733f15b63
Cloud Service Provider (CSP),8ac117b9-0c99-4f70-a6d6-a05645ddf90f
Regional System Integrator (RSI),8ac117b9-0c99-4f70-a6d6-a05645ddf90f
Regional System Integrator (RSI),12e5887e-20f2-47d1-baec-0d6260a75756
Regional System Integrator (RSI),fd828e60-635a-4741-aa30-b2f222ab476c
Independent Software Vendor (ISV),bf0147dd-7caa-48e3-9a29-47f45057ff55
Value Added Reseller (VAR),6eda8c69-8e7e-4d3f-af25-12afd998ce3c
Regional System Integrator (RSI),6eda8c69-8e7e-4d3f-af25-12afd998ce3c
-,16c2ef9d-e5a6-492e-b34b-4682c050ca26
Cloud Service Provider (CSP),1869b8da-6b71-45cd-9574-733a20558352
Regional System Integrator (RSI),1869b8da-6b71-45cd-9574-733a20558352
Cloud Service Provider (CSP),da848005-885e-40df-a675-e48d05ec654a
Regional System Integrator (RSI),da848005-885e-40df-a675-e48d05ec654a
Cloud Service Provider (CSP),c75c478b-f375-4e04-9ec9-95bcbcd79086
Regional System Integrator (RSI),c75c478b-f375-4e04-9ec9-95bcbcd79086
Cloud Service Provider (CSP),634d556c-0494-4e43-ae66-4357b3032fd6
Regional System Integrator (RSI),634d556c-0494-4e43-ae66-4357b3032fd6
Cloud Service Provider (CSP),35b9fcab-9d7d-4f41-ba0a-9a07dc868327
Regional System Integrator (RSI),35b9fcab-9d7d-4f41-ba0a-9a07dc868327
Cloud Service Provider (CSP),99c32d58-8d11-4759-baea-8b1862e37ac2
Independent Software Vendor (ISV),89a0d3c3-fa65-4d11-9379-11f4b477a999
Cloud Service Provider (CSP),69af2fe5-759b-4a09-b826-e1762ab7479a
Regional System Integrator (RSI),69af2fe5-759b-4a09-b826-e1762ab7479a
Regional System Integrator (RSI),18654ab8-56f2-4b66-9689-886855e99c4f
Cloud Service Provider (CSP),b9d50ef8-f5c3-433d-9b1a-b56c1fce9f72
-,0a4ec82b-7fa8-4990-8cd9-a3b0c14d7b94
Cloud Service Provider (CSP),565d2224-d865-42bf-a489-2c6370abdd9a
Independent Software Vendor (ISV),565d2224-d865-42bf-a489-2c6370abdd9a
Regional System Integrator (RSI),59206b03-4ccb-4f76-8333-bcde9bdb895a
Cloud Service Provider (CSP),59206b03-4ccb-4f76-8333-bcde9bdb895a
Managed Service Provider (MSP),59206b03-4ccb-4f76-8333-bcde9bdb895a
Cloud Service Provider (CSP),c64e5034-b6b8-44d1-a15d-8cf0ba7cfcae
Independent Software Vendor (ISV),c64e5034-b6b8-44d1-a15d-8cf0ba7cfcae
Regional System Integrator (RSI),c64e5034-b6b8-44d1-a15d-8cf0ba7cfcae
Managed Service Provider (MSP),d4217cb0-4b26-43bc-bd5f-eff094d05352
Cloud Service Provider (CSP),d4217cb0-4b26-43bc-bd5f-eff094d05352
Regional System Integrator (RSI),d4217cb0-4b26-43bc-bd5f-eff094d05352
Cloud Service Provider (CSP),97a6f274-31a9-4f0d-b476-8bb6103214af
Value Added Reseller (VAR),97a6f274-31a9-4f0d-b476-8bb6103214af
Direct Market Reseller (DMR),97a6f274-31a9-4f0d-b476-8bb6103214af
Regional System Integrator (RSI),97a6f274-31a9-4f0d-b476-8bb6103214af
Independent Software Vendor (ISV),a255c9a6-56d5-4138-8842-4636286faa49
Independent Software Vendor (ISV),c191969e-5b09-4991-bd93-a63819b44a2f
Independent Software Vendor (ISV),df6a94b6-4240-4c4d-ba71-8d417e0599ba
Regional System Integrator (RSI),df6a94b6-4240-4c4d-ba71-8d417e0599ba
Cloud Service Provider (CSP),df6a94b6-4240-4c4d-ba71-8d417e0599ba
-,4219ed7a-340e-47b3-a4f0-0048115adcce
Cloud Service Provider (CSP),cdbcb9fa-b0dc-4d0d-8891-105cec404f16
Regional System Integrator (RSI),cdbcb9fa-b0dc-4d0d-8891-105cec404f16
Cloud Service Provider (CSP),9331539b-d3b1-4435-a48c-bc4bff1c7bc6
Regional System Integrator (RSI),9331539b-d3b1-4435-a48c-bc4bff1c7bc6
Managed Service Provider (MSP),e8f0471c-3e7c-431d-8063-ad838ab151e4
Cloud Service Provider (CSP),e8f0471c-3e7c-431d-8063-ad838ab151e4
Regional System Integrator (RSI),e8f0471c-3e7c-431d-8063-ad838ab151e4
Independent Software Vendor (ISV),96dc120b-a381-4bfa-ae4a-2f849f234f4c
Regional System Integrator (RSI),96dc120b-a381-4bfa-ae4a-2f849f234f4c
Cloud Service Provider (CSP),af059538-08cb-446d-a542-84223c52cf7b
Cloud Service Provider (CSP),269644a7-b695-4f7c-8c9c-9b2514c1a0b8
Regional System Integrator (RSI),8f1948c8-7ca4-40e1-8642-452bb158bdf3
Cloud Service Provider (CSP),8f1948c8-7ca4-40e1-8642-452bb158bdf3
Value Added Reseller (VAR),8f1948c8-7ca4-40e1-8642-452bb158bdf3
-,8fccac92-c7f0-44d1-9028-cd99582db5c9
Managed Service Provider (MSP),16997c74-7e5a-484d-a7ae-993816239cfb
Regional System Integrator (RSI),16997c74-7e5a-484d-a7ae-993816239cfb
Cloud Service Provider (CSP),16997c74-7e5a-484d-a7ae-993816239cfb
Cloud Service Provider (CSP),8d90607f-74c9-4a9b-91af-ec2071d17566
Regional System Integrator (RSI),8d90607f-74c9-4a9b-91af-ec2071d17566
Independent Software Vendor (ISV),b54c65de-ff8f-4571-a23a-3dba58921aef
Cloud Service Provider (CSP),b54c65de-ff8f-4571-a23a-3dba58921aef
Regional System Integrator (RSI),b54c65de-ff8f-4571-a23a-3dba58921aef
Direct Market Reseller (DMR),b54c65de-ff8f-4571-a23a-3dba58921aef
Regional System Integrator (RSI),5cf076a9-db69-4399-9f53-e775cb97029a
Independent Software Vendor (ISV),5cf076a9-db69-4399-9f53-e775cb97029a
Cloud Service Provider (CSP),5cf076a9-db69-4399-9f53-e775cb97029a
Regional System Integrator (RSI),4951d0d9-8e85-413c-8788-4af5b5f1226e
Value Added Reseller (VAR),4951d0d9-8e85-413c-8788-4af5b5f1226e
Managed Service Provider (MSP),4951d0d9-8e85-413c-8788-4af5b5f1226e
Cloud Service Provider (CSP),4951d0d9-8e85-413c-8788-4af5b5f1226e
Regional System Integrator (RSI),4e20450d-4c5d-4bd4-80d2-32c965386ff6
Regional System Integrator (RSI),a806f069-81bf-4a3a-a01e-ce946255c999
Cloud Service Provider (CSP),a806f069-81bf-4a3a-a01e-ce946255c999
Cloud Service Provider (CSP),396d9d5c-aec2-4320-893b-30707f32e138
Managed Service Provider (MSP),2654c2ae-fa31-4c95-b577-988536f2292c
Cloud Service Provider (CSP),2654c2ae-fa31-4c95-b577-988536f2292c
Regional System Integrator (RSI),2654c2ae-fa31-4c95-b577-988536f2292c
Cloud Service Provider (CSP),2f179655-fbdd-43b6-b8d8-e412c2ced8b1
Regional System Integrator (RSI),2f179655-fbdd-43b6-b8d8-e412c2ced8b1
Cloud Service Provider (CSP),1ba19fef-669c-426f-89ab-4ce1e0e6e867
Regional System Integrator (RSI),1ba19fef-669c-426f-89ab-4ce1e0e6e867
Value Added Reseller (VAR),1ba19fef-669c-426f-89ab-4ce1e0e6e867
Regional System Integrator (RSI),5dd5c3ce-b357-4536-a906-1ed0e7b2bbb9
Regional System Integrator (RSI),d75ec7c4-7883-45fc-8174-58eca6e427a5
Direct Market Reseller (DMR),d75ec7c4-7883-45fc-8174-58eca6e427a5
Managed Service Provider (MSP),d75ec7c4-7883-45fc-8174-58eca6e427a5
Cloud Service Provider (CSP),d75ec7c4-7883-45fc-8174-58eca6e427a5
Regional System Integrator (RSI),76279cbf-f6f6-45be-8f69-4af3099798a8
Cloud Service Provider (CSP),76279cbf-f6f6-45be-8f69-4af3099798a8
Independent Software Vendor (ISV),76279cbf-f6f6-45be-8f69-4af3099798a8
Cloud Service Provider (CSP),c27bad59-4f30-4c74-b385-b7f284de0766
Regional System Integrator (RSI),c27bad59-4f30-4c74-b385-b7f284de0766
Independent Software Vendor (ISV),c392c184-03e7-42ca-9b98-f1bfeb428cb1
Cloud Service Provider (CSP),c392c184-03e7-42ca-9b98-f1bfeb428cb1
Cloud Service Provider (CSP),5a1a52c0-54e6-4255-b507-d910a2c35b5e
Regional System Integrator (RSI),5a1a52c0-54e6-4255-b507-d910a2c35b5e
Regional System Integrator (RSI),c71b7c29-b1b1-428e-b4fd-839787bec622
Regional System Integrator (RSI),e35fe54a-9f6d-4c8c-ab4b-761ac87c3b68
Cloud Service Provider (CSP),e35fe54a-9f6d-4c8c-ab4b-761ac87c3b68
Independent Software Vendor (ISV),73711982-0caa-4544-af1a-a8ab6a91787d
Cloud Service Provider (CSP),73711982-0caa-4544-af1a-a8ab6a91787d
Regional System Integrator (RSI),73711982-0caa-4544-af1a-a8ab6a91787d
Cloud Service Provider (CSP),7c338b25-8702-41bb-a2df-68a87c51ff11
Regional System Integrator (RSI),7c338b25-8702-41bb-a2df-68a87c51ff11
Regional System Integrator (RSI),b2f6bef9-75c4-47ae-9206-9666f54af509
Regional System Integrator (RSI),8f37f906-e6fc-4180-b4ab-c7a2731658c6
Cloud Service Provider (CSP),0ecca615-9bab-4513-a34d-b8a3eb026fc3
Regional System Integrator (RSI),bb76c4c0-7a87-4e54-a658-25bfb18dec6f
Cloud Service Provider (CSP),bb76c4c0-7a87-4e54-a658-25bfb18dec6f
Cloud Service Provider (CSP),26cf0d6c-41bc-4cb9-bcf5-59d14e558c48
Regional System Integrator (RSI),26cf0d6c-41bc-4cb9-bcf5-59d14e558c48
-,c6c2a814-3911-4864-9af8-2945022315b2
Value Added Reseller (VAR),59516e3f-2ddc-4486-9351-760e24b420da
Cloud Service Provider (CSP),5a7a3555-12d5-409d-a460-e296cd511174
Independent Software Vendor (ISV),d0c7737d-8701-476c-97f7-b0de29d8bc14
Regional System Integrator (RSI),d0c7737d-8701-476c-97f7-b0de29d8bc14
Cloud Service Provider (CSP),a9e0ef8b-cd17-4ba7-a6cb-7768e371bb6b
Regional System Integrator (RSI),a9e0ef8b-cd17-4ba7-a6cb-7768e371bb6b
-,6f542b0c-d5e0-4a01-a47d-0ff98203a100
Regional System Integrator (RSI),ca036223-3068-4cd4-a839-d92e3a4bc472
Cloud Service Provider (CSP),ca036223-3068-4cd4-a839-d92e3a4bc472
Cloud Service Provider (CSP),16b38072-608e-4ce6-93a1-82d5a995e120
Independent Software Vendor (ISV),16b38072-608e-4ce6-93a1-82d5a995e120
Regional System Integrator (RSI),16b38072-608e-4ce6-93a1-82d5a995e120
Cloud Service Provider (CSP),82447ced-4cdb-44ea-8016-fd2fd32beb12
Independent Software Vendor (ISV),9cab8081-6bbc-42ba-85a0-d63d1fca10dc
Regional System Integrator (RSI),9cab8081-6bbc-42ba-85a0-d63d1fca10dc
Regional System Integrator (RSI),b96310b4-fcf4-4930-9578-405c8ba01f87
Independent Software Vendor (ISV),b96310b4-fcf4-4930-9578-405c8ba01f87
Direct Market Reseller (DMR),177414df-000a-4f9f-a908-1720772c6d36
Regional System Integrator (RSI),978e5032-b759-4bb1-9482-a5481dbcacbf
Regional System Integrator (RSI),45b93fcf-14e8-433e-ad55-bc14e82a541a
Independent Software Vendor (ISV),45b93fcf-14e8-433e-ad55-bc14e82a541a
Cloud Service Provider (CSP),7b0833c4-e856-41cd-9ce0-66c5c9d468d9
Regional System Integrator (RSI),7b0833c4-e856-41cd-9ce0-66c5c9d468d9
Regional System Integrator (RSI),1a2aabcc-87ce-4eec-a167-97deeaf561f2
Regional System Integrator (RSI),b9380759-faf7-435a-a639-cd3197faa2cb
Cloud Service Provider (CSP),b9380759-faf7-435a-a639-cd3197faa2cb
-,d3a2b0e9-fdbe-4139-af6a-ab04e5adfc88
Independent Software Vendor (ISV),7c053d5d-dc0a-415b-bbb5-e1a08b0cc155
Cloud Service Provider (CSP),7c053d5d-dc0a-415b-bbb5-e1a08b0cc155
Regional System Integrator (RSI),7e9f38b7-bdf5-440f-afdd-0b3a089c808d
Cloud Service Provider (CSP),7e9f38b7-bdf5-440f-afdd-0b3a089c808d
Regional System Integrator (RSI),324d4822-2908-45a7-85af-ca7a4504d02e
Independent Software Vendor (ISV),324d4822-2908-45a7-85af-ca7a4504d02e
Cloud Service Provider (CSP),324d4822-2908-45a7-85af-ca7a4504d02e
Independent Software Vendor (ISV),4102eff8-523f-49ba-8f7a-458b8bff4e5a
Independent Software Vendor (ISV),e4f127bf-8b1a-481b-b9b2-9467d36a8842
Regional System Integrator (RSI),e4f127bf-8b1a-481b-b9b2-9467d36a8842
Cloud Service Provider (CSP),2ab30b39-bf6f-4e58-98ee-a10794a84075
Regional System Integrator (RSI),2ab30b39-bf6f-4e58-98ee-a10794a84075
Regional System Integrator (RSI),f33ee4ef-de89-48db-bc47-98deea6c9ff0
Independent Software Vendor (ISV),f33ee4ef-de89-48db-bc47-98deea6c9ff0
Regional System Integrator (RSI),42cdbf68-ed83-4bbe-ba31-b012407a104b
Cloud Service Provider (CSP),42cdbf68-ed83-4bbe-ba31-b012407a104b
Independent Software Vendor (ISV),42cdbf68-ed83-4bbe-ba31-b012407a104b
Cloud Service Provider (CSP),3dcd33e4-972b-435d-a362-6db2c4b9ef2c
Regional System Integrator (RSI),3dcd33e4-972b-435d-a362-6db2c4b9ef2c
Independent Software Vendor (ISV),365308a8-127f-4014-83fa-7006db00c039
Cloud Service Provider (CSP),365308a8-127f-4014-83fa-7006db00c039
Managed Service Provider (MSP),365308a8-127f-4014-83fa-7006db00c039
Regional System Integrator (RSI),365308a8-127f-4014-83fa-7006db00c039
Cloud Service Provider (CSP),e34bb364-fd68-431e-be0c-ef52a3220db9
Independent Software Vendor (ISV),e34bb364-fd68-431e-be0c-ef52a3220db9
Cloud Service Provider (CSP),9f10e119-9d37-4ee2-80b9-1ccc70bbdc4d
Regional System Integrator (RSI),d3039352-a4c3-4296-ad43-eb998e9600d5
Managed Service Provider (MSP),6ac173bb-2337-4f96-8e75-f9bf17ff2ac8
Regional System Integrator (RSI),6ac173bb-2337-4f96-8e75-f9bf17ff2ac8
Cloud Service Provider (CSP),6ac173bb-2337-4f96-8e75-f9bf17ff2ac8
Independent Software Vendor (ISV),976cae7e-dffd-4bce-b93e-f116091b6b99
Direct Market Reseller (DMR),d1983b24-6f31-4cab-8a6e-8f2961655d77
Regional System Integrator (RSI),d1983b24-6f31-4cab-8a6e-8f2961655d77
Cloud Service Provider (CSP),d1983b24-6f31-4cab-8a6e-8f2961655d77
Managed Service Provider (MSP),d1983b24-6f31-4cab-8a6e-8f2961655d77
Independent Software Vendor (ISV),ac6a69e3-cf3a-4e3e-9078-d25047afd23f
Regional System Integrator (RSI),ac6a69e3-cf3a-4e3e-9078-d25047afd23f
Regional System Integrator (RSI),6c08c112-d9f6-4647-af52-5fe86fc93088
Managed Service Provider (MSP),6c08c112-d9f6-4647-af52-5fe86fc93088
Cloud Service Provider (CSP),6c08c112-d9f6-4647-af52-5fe86fc93088
Direct Market Reseller (DMR),6c08c112-d9f6-4647-af52-5fe86fc93088
Independent Software Vendor (ISV),0238765e-c71d-45c9-8495-9c3a99f16603
Cloud Service Provider (CSP),0238765e-c71d-45c9-8495-9c3a99f16603
Cloud Service Provider (CSP),9298cb67-50b6-4ea4-8621-de17e9670443
Regional System Integrator (RSI),9298cb67-50b6-4ea4-8621-de17e9670443
Independent Software Vendor (ISV),0b6b2074-f52a-4156-8d6a-65d0bb6a7284
Regional System Integrator (RSI),0b6b2074-f52a-4156-8d6a-65d0bb6a7284
Independent Software Vendor (ISV),1e4804f8-5190-41c4-8058-a9524bb4020e
Regional System Integrator (RSI),1e4804f8-5190-41c4-8058-a9524bb4020e
Cloud Service Provider (CSP),1e4804f8-5190-41c4-8058-a9524bb4020e
Independent Software Vendor (ISV),045069bb-bcaf-4fac-bb6f-7d1cd76b775f
Regional System Integrator (RSI),045069bb-bcaf-4fac-bb6f-7d1cd76b775f
Cloud Service Provider (CSP),045069bb-bcaf-4fac-bb6f-7d1cd76b775f
Cloud Service Provider (CSP),733f1c2a-8990-4d93-895c-9f1b23d6745b
Regional System Integrator (RSI),733f1c2a-8990-4d93-895c-9f1b23d6745b
Managed Service Provider (MSP),9a569698-8ea9-499c-9a6a-18f24783dbf6
Cloud Service Provider (CSP),9a569698-8ea9-499c-9a6a-18f24783dbf6
Cloud Service Provider (CSP),a9ef87c0-d706-4d52-908d-3c18e03a8eee
Independent Software Vendor (ISV),a9ef87c0-d706-4d52-908d-3c18e03a8eee
Value Added Reseller (VAR),a9ef87c0-d706-4d52-908d-3c18e03a8eee
Regional System Integrator (RSI),a9ef87c0-d706-4d52-908d-3c18e03a8eee
Cloud Service Provider (CSP),bbf33c96-701d-4f56-ac30-054ee9e8d972
Cloud Service Provider (CSP),7d05e165-f4c1-4e30-a7ef-b6e98a1f5a6e
Regional System Integrator (RSI),7d05e165-f4c1-4e30-a7ef-b6e98a1f5a6e
Regional System Integrator (RSI),d7625e1f-7ac9-4527-8430-a39207e88638
Cloud Service Provider (CSP),d7625e1f-7ac9-4527-8430-a39207e88638
Cloud Service Provider (CSP),f1df297d-eda1-4afc-9058-b7bbc78585e5
Regional System Integrator (RSI),320d3be9-0c27-4bfc-b4ba-7cedf3bac7b7
Cloud Service Provider (CSP),320d3be9-0c27-4bfc-b4ba-7cedf3bac7b7
Regional System Integrator (RSI),15d8c418-0288-494d-9232-df4777cfad01
Independent Software Vendor (ISV),15d8c418-0288-494d-9232-df4777cfad01
Regional System Integrator (RSI),3fbbedaa-08fc-436f-a227-dd765e6432eb
Regional System Integrator (RSI),1baf01be-9c36-4368-bbdd-e64d2d765f88
Cloud Service Provider (CSP),5fd92e8f-96d8-497d-917a-201124bed69b
Regional System Integrator (RSI),5fd92e8f-96d8-497d-917a-201124bed69b
Cloud Service Provider (CSP),8cf70861-e671-4a5e-a3a6-6a5771cf0a78
Regional System Integrator (RSI),8cf70861-e671-4a5e-a3a6-6a5771cf0a78
Regional System Integrator (RSI),6dbca92e-8b9e-47a8-87ee-cb93e3ba38c7
Cloud Service Provider (CSP),6dbca92e-8b9e-47a8-87ee-cb93e3ba38c7
Regional System Integrator (RSI),c8af1bc2-a36f-4d39-ae64-0b2f0d57ab81
Cloud Service Provider (CSP),608da8eb-b8e4-4784-bb40-396280742f68
-,82009942-8768-460c-b001-5f3085a1d9e6
Independent Software Vendor (ISV),44ea4d41-99ea-4dfb-89ac-c9e491649177
Regional System Integrator (RSI),44ea4d41-99ea-4dfb-89ac-c9e491649177
Managed Service Provider (MSP),c8604ddb-a0d7-4a42-a4ec-3b5c84aee259
Cloud Service Provider (CSP),c8604ddb-a0d7-4a42-a4ec-3b5c84aee259
-,b58adca1-9058-4d25-95d6-ba86d1b22567
Value Added Reseller (VAR),751c48c5-0332-4525-b3d9-45886a8b7b6f
Regional System Integrator (RSI),751c48c5-0332-4525-b3d9-45886a8b7b6f
Regional System Integrator (RSI),e1a72266-e6e6-4a2e-b114-5d5adafb0c15
Value Added Reseller (VAR),e1a72266-e6e6-4a2e-b114-5d5adafb0c15
Cloud Service Provider (CSP),e1a72266-e6e6-4a2e-b114-5d5adafb0c15
Managed Service Provider (MSP),e1a72266-e6e6-4a2e-b114-5d5adafb0c15
Managed Service Provider (MSP),6a8a4db6-61c0-4b1a-b073-27eee93a004d
Regional System Integrator (RSI),6a8a4db6-61c0-4b1a-b073-27eee93a004d
Independent Software Vendor (ISV),6a8a4db6-61c0-4b1a-b073-27eee93a004d
Cloud Service Provider (CSP),6a8a4db6-61c0-4b1a-b073-27eee93a004d
Independent Software Vendor (ISV),601f2bfc-7141-48e9-a99c-0d69c3fd861a
Direct Market Reseller (DMR),601f2bfc-7141-48e9-a99c-0d69c3fd861a
Independent Software Vendor (ISV),6fa80462-4efe-494c-979a-2e3dd5af5505
Cloud Service Provider (CSP),6fa80462-4efe-494c-979a-2e3dd5af5505
Cloud Service Provider (CSP),aeff9602-e29e-4a95-b240-5c12f12ef807
Regional System Integrator (RSI),aeff9602-e29e-4a95-b240-5c12f12ef807
Regional System Integrator (RSI),3c475f8e-7eb0-4dc5-81da-9c669ca38756
Independent Software Vendor (ISV),be9385be-2da5-4bcf-860d-4475ad3e805d
Regional System Integrator (RSI),be9385be-2da5-4bcf-860d-4475ad3e805d
Regional System Integrator (RSI),cb45649a-fd3c-4164-b8c9-e3e4e316a7c5
Cloud Service Provider (CSP),cb45649a-fd3c-4164-b8c9-e3e4e316a7c5
Regional System Integrator (RSI),6c91cbd6-7442-466c-8088-9cf48094f1ca
-,0160568c-aa3c-49af-98ff-da122d2e56f3
Cloud Service Provider (CSP),41c0346a-dcec-4204-88b5-d123986966fa
Regional System Integrator (RSI),41c0346a-dcec-4204-88b5-d123986966fa
Managed Service Provider (MSP),437af96a-0667-4b8b-ab36-f17a91440653
Value Added Reseller (VAR),437af96a-0667-4b8b-ab36-f17a91440653
Regional System Integrator (RSI),437af96a-0667-4b8b-ab36-f17a91440653
Cloud Service Provider (CSP),437af96a-0667-4b8b-ab36-f17a91440653
Regional System Integrator (RSI),3589311c-7223-470f-954c-afd37f804028
Regional System Integrator (RSI),c5acec3b-656e-4ff3-b014-317d55e85cda
Cloud Service Provider (CSP),c5acec3b-656e-4ff3-b014-317d55e85cda
Cloud Service Provider (CSP),b9902f56-f304-455f-a6d6-22cc9c9de8c9
Regional System Integrator (RSI),b9902f56-f304-455f-a6d6-22cc9c9de8c9
Regional System Integrator (RSI),dd17e619-78c6-4012-b2c1-eff80e2ef998
Cloud Service Provider (CSP),dd17e619-78c6-4012-b2c1-eff80e2ef998
Value Added Reseller (VAR),c90c2260-2797-4f26-9324-d743b710f8e5
Regional System Integrator (RSI),c90c2260-2797-4f26-9324-d743b710f8e5
Cloud Service Provider (CSP),079e5066-34b0-4d62-bcf1-ebc513b5ff78
Independent Software Vendor (ISV),53d680cf-b186-406d-aca6-e3c857ac64b5
Cloud Service Provider (CSP),53d680cf-b186-406d-aca6-e3c857ac64b5
Cloud Service Provider (CSP),a59162aa-047d-4b8b-a0c1-6a2806879645
Regional System Integrator (RSI),a59162aa-047d-4b8b-a0c1-6a2806879645
Cloud Service Provider (CSP),a70b8e0f-ba95-4175-b3a4-d54f352a2be2
Regional System Integrator (RSI),a70b8e0f-ba95-4175-b3a4-d54f352a2be2
Regional System Integrator (RSI),e91673fb-e8c2-451f-be82-c4c5bb08d7e6
Cloud Service Provider (CSP),e91673fb-e8c2-451f-be82-c4c5bb08d7e6
Managed Service Provider (MSP),e91673fb-e8c2-451f-be82-c4c5bb08d7e6
Regional System Integrator (RSI),f48fa2cd-7c61-4080-88f5-d7ca11c0063c
Independent Software Vendor (ISV),f48fa2cd-7c61-4080-88f5-d7ca11c0063c
Cloud Service Provider (CSP),f48fa2cd-7c61-4080-88f5-d7ca11c0063c
Independent Software Vendor (ISV),a474272a-1dcd-403f-ab7f-fd29ab8a2d53
Regional System Integrator (RSI),c1813537-2aa1-44dc-a8ec-3d2511eaf28e
Cloud Service Provider (CSP),b7cde2ca-9d39-4e3d-af38-91c5dcfd4ed4
Independent Software Vendor (ISV),b7cde2ca-9d39-4e3d-af38-91c5dcfd4ed4
Regional System Integrator (RSI),b7cde2ca-9d39-4e3d-af38-91c5dcfd4ed4
Cloud Service Provider (CSP),e102ac4a-31b5-4cb4-9212-c46b5abfa6a5
Regional System Integrator (RSI),e102ac4a-31b5-4cb4-9212-c46b5abfa6a5
Cloud Service Provider (CSP),ca4fb591-7f68-4410-93e2-a59bfffb21cf
Regional System Integrator (RSI),ca4fb591-7f68-4410-93e2-a59bfffb21cf
Cloud Service Provider (CSP),0af7c199-6ced-4861-9606-fc67265a33f6
Regional System Integrator (RSI),0af7c199-6ced-4861-9606-fc67265a33f6
Cloud Service Provider (CSP),5b74f169-db61-4ff2-b741-80f9305e269a
Regional System Integrator (RSI),5b74f169-db61-4ff2-b741-80f9305e269a
Independent Software Vendor (ISV),5b74f169-db61-4ff2-b741-80f9305e269a
Cloud Service Provider (CSP),bedab532-b937-45a3-8e5f-4d289198d2b8
Regional System Integrator (RSI),ff1d8ea0-fdf2-4239-a0d0-7b1a8cf38f6b
Regional System Integrator (RSI),9741d870-f775-4144-9353-e26822fb5a57
Cloud Service Provider (CSP),9741d870-f775-4144-9353-e26822fb5a57
Cloud Service Provider (CSP),37311120-95ba-490e-8718-6fc395d8fa83
Regional System Integrator (RSI),37311120-95ba-490e-8718-6fc395d8fa83
Cloud Service Provider (CSP),7a1fcc77-a696-4db0-9e31-831cbd6c0733
Regional System Integrator (RSI),7a1fcc77-a696-4db0-9e31-831cbd6c0733
Cloud Service Provider (CSP),f8a2dd2a-cfca-4756-837a-6f1a41816327
Regional System Integrator (RSI),f8a2dd2a-cfca-4756-837a-6f1a41816327
Independent Software Vendor (ISV),f8a2dd2a-cfca-4756-837a-6f1a41816327
Regional System Integrator (RSI),2f7dfecf-e65c-4291-8b02-1380d75d56d0
Independent Software Vendor (ISV),2f7dfecf-e65c-4291-8b02-1380d75d56d0
Cloud Service Provider (CSP),a935d6ba-432c-4402-ba10-0a309119b00b
Regional System Integrator (RSI),a935d6ba-432c-4402-ba10-0a309119b00b
Value Added Reseller (VAR),a935d6ba-432c-4402-ba10-0a309119b00b
Cloud Service Provider (CSP),5c1089ec-0409-42bf-974a-96385d753529
Regional System Integrator (RSI),5c1089ec-0409-42bf-974a-96385d753529
Independent Software Vendor (ISV),7d938fd0-0491-4985-8b5b-43307b958343
Independent Software Vendor (ISV),e34bb39c-2334-4e09-bea8-95c781363ed0
Cloud Service Provider (CSP),e34bb39c-2334-4e09-bea8-95c781363ed0
Regional System Integrator (RSI),ad4843b2-dde4-4e35-a70f-3344baba67f3
Cloud Service Provider (CSP),ad4843b2-dde4-4e35-a70f-3344baba67f3
Managed Service Provider (MSP),ad4843b2-dde4-4e35-a70f-3344baba67f3
-,230ca0a0-05c0-48b0-abfa-def02d4fdde4
-,586d7157-163b-4086-917c-1ddafd8b527b
Regional System Integrator (RSI),ea2ad9bf-4d2b-4590-9957-ad1c2ed16cea
Cloud Service Provider (CSP),ea2ad9bf-4d2b-4590-9957-ad1c2ed16cea
Independent Software Vendor (ISV),b3577a39-8dfb-48a9-b49e-657abadfbb13
Cloud Service Provider (CSP),b3577a39-8dfb-48a9-b49e-657abadfbb13
Regional System Integrator (RSI),7372af9e-594f-4fb7-924a-8b64188f219d
Cloud Service Provider (CSP),7372af9e-594f-4fb7-924a-8b64188f219d
Cloud Service Provider (CSP),babadc28-4527-40f6-9f13-3a429fb4e4be
Regional System Integrator (RSI),babadc28-4527-40f6-9f13-3a429fb4e4be
Cloud Service Provider (CSP),36bf5d74-c936-4fc6-a180-a4854b9e1b14
Independent Software Vendor (ISV),36bf5d74-c936-4fc6-a180-a4854b9e1b14
Cloud Service Provider (CSP),c7c64c84-fec1-4e19-b3ac-9296384dce72
Regional System Integrator (RSI),c7c64c84-fec1-4e19-b3ac-9296384dce72
Cloud Service Provider (CSP),9764f7d5-4199-4d55-bee8-f04117914825
Regional System Integrator (RSI),9764f7d5-4199-4d55-bee8-f04117914825
Regional System Integrator (RSI),73542d90-52c4-4c5a-88ca-786c4df03376
Cloud Service Provider (CSP),73542d90-52c4-4c5a-88ca-786c4df03376
Cloud Service Provider (CSP),6e0642b8-24bd-455b-a1c2-1dfa0e97c421
Cloud Service Provider (CSP),20ea7301-6ac9-4a66-84cb-89868ad50590
Cloud Service Provider (CSP),6054dccb-6141-4b71-82e1-2e650f2fb648
Regional System Integrator (RSI),6054dccb-6141-4b71-82e1-2e650f2fb648
Managed Service Provider (MSP),6880c444-0e36-4283-8f3a-b8b8c45f7c2a
Cloud Service Provider (CSP),6880c444-0e36-4283-8f3a-b8b8c45f7c2a
Managed Service Provider (MSP),8b63669d-fc30-4a60-a579-b406281365ea
Cloud Service Provider (CSP),8b63669d-fc30-4a60-a579-b406281365ea
Regional System Integrator (RSI),8b63669d-fc30-4a60-a579-b406281365ea
Regional System Integrator (RSI),d633de7d-5ee0-49b9-b6cf-2db2a3857a95
Managed Service Provider (MSP),d633de7d-5ee0-49b9-b6cf-2db2a3857a95
Direct Market Reseller (DMR),d633de7d-5ee0-49b9-b6cf-2db2a3857a95
Cloud Service Provider (CSP),0da8bd9c-9e85-4555-892a-ede61b8fdb11
Regional System Integrator (RSI),0da8bd9c-9e85-4555-892a-ede61b8fdb11
Cloud Service Provider (CSP),a689af3e-effa-4893-bdfa-a6cc48436aef
Value Added Reseller (VAR),a689af3e-effa-4893-bdfa-a6cc48436aef
Regional System Integrator (RSI),a689af3e-effa-4893-bdfa-a6cc48436aef
Regional System Integrator (RSI),bf1400f6-ffcc-4d49-a133-a2c0c95a68fe
Managed Service Provider (MSP),bf1400f6-ffcc-4d49-a133-a2c0c95a68fe
Independent Software Vendor (ISV),bf1400f6-ffcc-4d49-a133-a2c0c95a68fe
Cloud Service Provider (CSP),bf1400f6-ffcc-4d49-a133-a2c0c95a68fe
Regional System Integrator (RSI),ed8f5d28-df99-4455-9659-3dc3c633bfde
Cloud Service Provider (CSP),ed8f5d28-df99-4455-9659-3dc3c633bfde
Managed Service Provider (MSP),ed8f5d28-df99-4455-9659-3dc3c633bfde
Independent Software Vendor (ISV),06eb5e71-2167-4fd2-8c68-7567ddc74d57
Cloud Service Provider (CSP),06eb5e71-2167-4fd2-8c68-7567ddc74d57
Regional System Integrator (RSI),fc227572-a88d-460f-8d10-70c364c78bc6
Cloud Service Provider (CSP),fc227572-a88d-460f-8d10-70c364c78bc6
Cloud Service Provider (CSP),2ff5ad4f-c219-425e-bbbf-120a9c86037f
Managed Service Provider (MSP),2ff5ad4f-c219-425e-bbbf-120a9c86037f
Direct Market Reseller (DMR),2ff5ad4f-c219-425e-bbbf-120a9c86037f
Independent Software Vendor (ISV),2ff5ad4f-c219-425e-bbbf-120a9c86037f
Regional System Integrator (RSI),2ff5ad4f-c219-425e-bbbf-120a9c86037f
Cloud Service Provider (CSP),5d614bf8-66e8-4f64-bcb5-05dfbd579280
Regional System Integrator (RSI),5d614bf8-66e8-4f64-bcb5-05dfbd579280
Direct Market Reseller (DMR),5d614bf8-66e8-4f64-bcb5-05dfbd579280
Cloud Service Provider (CSP),76bc6c4a-c527-44b3-aadb-d5ea1f1a0ef1
Managed Service Provider (MSP),197c06e0-96f3-4d5e-8c33-b7a3b6de3551
Cloud Service Provider (CSP),197c06e0-96f3-4d5e-8c33-b7a3b6de3551
Regional System Integrator (RSI),197c06e0-96f3-4d5e-8c33-b7a3b6de3551
Regional System Integrator (RSI),9f119126-9f0c-46b3-a3ae-d85ee1cb2d9c
Independent Software Vendor (ISV),9f119126-9f0c-46b3-a3ae-d85ee1cb2d9c
Cloud Service Provider (CSP),08cb0005-fc3c-4a75-bca1-b908d4a46346
Regional System Integrator (RSI),08cb0005-fc3c-4a75-bca1-b908d4a46346
Regional System Integrator (RSI),72ba7622-77aa-420e-8583-46d4b48d8194
Independent Software Vendor (ISV),72ba7622-77aa-420e-8583-46d4b48d8194
Regional System Integrator (RSI),2fd15e18-1b2b-4650-a5d8-89bc10be9d50
Independent Software Vendor (ISV),2fd15e18-1b2b-4650-a5d8-89bc10be9d50
Cloud Service Provider (CSP),2fd15e18-1b2b-4650-a5d8-89bc10be9d50
Regional System Integrator (RSI),826b0d81-0074-4731-86ae-b749c5a42534
Independent Software Vendor (ISV),146111bc-006e-415a-ac7c-1507c0f5befc
Cloud Service Provider (CSP),146111bc-006e-415a-ac7c-1507c0f5befc
Regional System Integrator (RSI),146111bc-006e-415a-ac7c-1507c0f5befc
Cloud Service Provider (CSP),49a99cc1-b365-48ce-ba25-c4faf63e6167
Regional System Integrator (RSI),49a99cc1-b365-48ce-ba25-c4faf63e6167
Independent Software Vendor (ISV),49a99cc1-b365-48ce-ba25-c4faf63e6167
Independent Software Vendor (ISV),f978cd4d-3311-4768-8f2c-ad0fe9efa52d
Cloud Service Provider (CSP),f978cd4d-3311-4768-8f2c-ad0fe9efa52d
